t_hours,z_meters,psi_meters,t_norm,z_norm,psi_norm,source
1293.0,0.6038,-0.363,0.4107142857142857,0.010978181818181817,0.008030231459612569,profile_snapshot
1305.0,0.4348,-0.448,0.44642857142857145,0.007905454545454545,-0.03212092583845072,profile_snapshot
1397.0,2.5603,-0.484,0.7202380952380952,0.04655090909090909,-0.04912612187057164,profile_snapshot
1327.0,2.5361,-0.39,0.5119047619047619,0.046110909090909084,-0.004723665564478119,profile_snapshot
1395.0,1.0869,-0.636,0.7142857142857143,0.019761818181818182,-0.12092583845063776,profile_snapshot
1389.0,0.6763,-0.711,0.6964285714285714,0.012296363636363637,-0.15635333018422293,profile_snapshot
1403.0,2.6569,-0.487,0.7380952380952381,0.048307272727272726,-0.050543221539915084,profile_snapshot
1383.0,1.4492,-0.554,0.6785714285714286,0.02634909090909091,-0.08219178082191791,profile_snapshot
1429.0,1.2077,-0.703,0.8154761904761905,0.021958181818181818,-0.15257439773264048,profile_snapshot
1355.0,0.9178,-0.55,0.5952380952380952,0.016687272727272728,-0.08030231459612669,profile_snapshot
1481.0,0.7488,-0.361,0.9702380952380952,0.013614545454545456,0.008974964572508348,profile_snapshot
1357.0,2.6086,-0.417,0.6011904761904762,0.04742909090909091,-0.017477562588568696,profile_snapshot
1437.0,2.7535,-0.534,0.8392857142857143,0.05006363636363636,-0.07274444969296179,profile_snapshot
1341.0,0.5797,-0.574,0.5535714285714286,0.010539999999999999,-0.09163911195087382,profile_snapshot
1331.0,1.0869,-0.463,0.5238095238095238,0.019761818181818182,-0.03920642418516773,profile_snapshot
1455.0,1.9565,-0.619,0.8928571428571429,0.03557272727272727,-0.11289560699102508,profile_snapshot
1481.0,1.1111,-0.305,0.9702380952380952,0.020201818181818182,0.03542749173358506,profile_snapshot
1351.0,0.7729,-0.559,0.5833333333333334,0.014052727272727274,-0.08455361360415692,profile_snapshot
1161.0,1.0628,-0.575,0.017857142857142856,0.019323636363636362,-0.09211147850732171,profile_snapshot
1287.0,0.9903,-0.32,0.39285714285714285,0.018005454545454543,0.02834199338686827,profile_snapshot
1377.0,1.2077,-0.569,0.6607142857142857,0.021958181818181818,-0.08927727916863493,profile_snapshot
1385.0,2.8985,-0.45,0.6845238095238095,0.0527,-0.03306565895134639,profile_snapshot
1459.0,1.3285,-0.364,0.9047619047619048,0.024154545454545456,0.0075578649031649014,profile_snapshot
1331.0,1.3768,-0.433,0.5238095238095238,0.025032727272727272,-0.025035427491733597,profile_snapshot
1359.0,1.7149,-0.476,0.6071428571428571,0.031180000000000003,-0.04534718941898919,profile_snapshot
1215.0,2.9468,-0.485,0.17857142857142858,0.053578181818181816,-0.049598488427019305,profile_snapshot
1385.0,1.7632,-0.524,0.6845238095238095,0.03205818181818182,-0.06802078412848378,profile_snapshot
1327.0,1.1594,-0.442,0.5119047619047619,0.021079999999999998,-0.029286726499763938,profile_snapshot
1447.0,0.3382,-0.355,0.8690476190476191,0.006149090909090909,0.01180916391119502,profile_snapshot
1197.0,0.6522,-0.771,0.125,0.011858181818181818,-0.1846953235710912,profile_snapshot
1337.0,0.628,-0.557,0.5416666666666666,0.011418181818181819,-0.08360888049126125,profile_snapshot
1369.0,1.1835,-0.552,0.6369047619047619,0.021518181818181818,-0.08124704770902225,profile_snapshot
1443.0,2.5361,-0.562,0.8571428571428571,0.046110909090909084,-0.08597071327350037,profile_snapshot
1481.0,2.5845,-0.36,0.9702380952380952,0.04699090909090909,0.009447331128956016,profile_snapshot
1375.0,2.4154,-0.459,0.6547619047619048,0.043916363636363635,-0.03731695795937651,profile_snapshot
1233.0,2.9709,-0.514,0.23214285714285715,0.05401636363636363,-0.06329711856400577,profile_snapshot
1287.0,0.0242,-0.346,0.39285714285714285,0.00043999999999999996,0.016060462919225138,profile_snapshot
1429.0,2.198,-0.569,0.8154761904761905,0.03996363636363636,-0.08927727916863493,profile_snapshot
1397.0,0.7488,-0.719,0.7202380952380952,0.013614545454545456,-0.16013226263580538,profile_snapshot
1345.0,0.2415,-0.594,0.5654761904761905,0.004390909090909091,-0.10108644307982995,profile_snapshot
1435.0,1.8115,-0.62,0.8333333333333334,0.03293636363636364,-0.11336797354747297,profile_snapshot
1475.0,2.6086,-0.519,0.9523809523809523,0.04742909090909091,-0.06565895134624478,profile_snapshot
1343.0,1.256,-0.481,0.5595238095238095,0.022836363636363637,-0.04770902220122819,profile_snapshot
1311.0,0.6038,-0.456,0.4642857142857143,0.010978181818181817,-0.03589985829003306,profile_snapshot
1329.0,0.0483,-0.723,0.5178571428571429,0.0008781818181818182,-0.1620217288615966,profile_snapshot
1377.0,0.0966,-0.927,0.6607142857142857,0.0017563636363636364,-0.25838450637694854,profile_snapshot
1463.0,1.8115,-0.489,0.9166666666666666,0.03293636363636364,-0.05148795465281053,profile_snapshot
1227.0,0.2898,-0.849,0.21428571428571427,0.005269090909090909,-0.22153991497401992,profile_snapshot
1227.0,0.8212,-0.797,0.21428571428571427,0.014930909090909092,-0.19697685403873422,profile_snapshot
1233.0,0.6038,-0.837,0.23214285714285715,0.010978181818181817,-0.21587151629664625,profile_snapshot
1351.0,-0.0,-0.805,0.5833333333333334,-0.0,-0.20075578649031656,profile_snapshot
1447.0,2.6811,-0.556,0.8690476190476191,0.04874727272727272,-0.08313651393481347,profile_snapshot
1357.0,2.6569,-0.415,0.6011904761904762,0.048307272727272726,-0.01653282947567314,profile_snapshot
1421.0,0.4589,-0.863,0.7916666666666666,0.008343636363636364,-0.22815304676428916,profile_snapshot
1447.0,0.5555,-0.313,0.8690476190476191,0.0101,0.03164855928200261,profile_snapshot
1481.0,0.2415,-0.434,0.9702380952380952,0.004390909090909091,-0.025507794048181487,profile_snapshot
1431.0,0.7729,-0.797,0.8214285714285714,0.014052727272727274,-0.19697685403873422,profile_snapshot
1431.0,2.8985,-0.514,0.8214285714285714,0.0527,-0.06329711856400577,profile_snapshot
1433.0,1.1835,-0.716,0.8273809523809523,0.021518181818181818,-0.15871516296646204,profile_snapshot
1445.0,2.0048,-0.616,0.8630952380952381,0.03645090909090909,-0.11147850732168174,profile_snapshot
1419.0,0.6038,-0.825,0.7857142857142857,0.010978181818181817,-0.21020311761927257,profile_snapshot
1407.0,1.9081,-0.556,0.75,0.03469272727272727,-0.08313651393481347,profile_snapshot
1417.0,2.2946,-0.538,0.7797619047619048,0.04172,-0.07463391591875301,profile_snapshot
1487.0,0.9903,-0.358,0.9880952380952381,0.018005454545454543,0.010392064241851573,profile_snapshot
1239.0,2.2705,-0.591,0.25,0.04128181818181818,-0.09966934341048661,profile_snapshot
1221.0,0.5555,-0.857,0.19642857142857142,0.0101,-0.22531884742560226,profile_snapshot
1391.0,2.6328,-0.472,0.7023809523809523,0.04786909090909091,-0.04345772319319796,profile_snapshot
1387.0,1.7391,-0.531,0.6904761904761905,0.03162,-0.07132735002361845,profile_snapshot
1209.0,2.4154,-0.518,0.16071428571428573,0.043916363636363635,-0.06518658478979689,profile_snapshot
1167.0,2.4878,-0.418,0.03571428571428571,0.04523272727272727,-0.017949929145016696,profile_snapshot
1167.0,1.8599,-0.476,0.03571428571428571,0.03381636363636364,-0.04534718941898919,profile_snapshot
1489.0,0.4831,-0.419,0.9940476190476191,0.008783636363636363,-0.018422295701464364,profile_snapshot
1481.0,1.4734,-0.267,0.9702380952380952,0.026789090909090908,0.053377420878601756,profile_snapshot
1455.0,1.8599,-0.614,0.8928571428571429,0.03381636363636364,-0.11053377420878596,profile_snapshot
1311.0,0.1449,-0.561,0.4642857142857143,0.0026345454545454545,-0.08549834671705248,profile_snapshot
1275.0,2.8743,-0.59,0.35714285714285715,0.052259999999999994,-0.09919697685403872,profile_snapshot
1371.0,2.2705,-0.461,0.6428571428571429,0.04128181818181818,-0.038261691072272064,profile_snapshot
1353.0,1.3285,-0.499,0.5892857142857143,0.024154545454545456,-0.05621162021728876,profile_snapshot
1343.0,0.4348,-0.582,0.5595238095238095,0.007905454545454545,-0.09541804440245627,profile_snapshot
1227.0,2.0772,-0.591,0.21428571428571427,0.037767272727272726,-0.09966934341048661,profile_snapshot
1461.0,2.4637,-0.594,0.9107142857142857,0.04479454545454545,-0.10108644307982995,profile_snapshot
1467.0,0.2898,-0.291,0.9285714285714286,0.005269090909090909,0.042040623523854403,profile_snapshot
1475.0,2.0289,-0.245,0.9523809523809523,0.03688909090909091,0.06376948512045333,profile_snapshot
1361.0,0.8937,-0.568,0.6130952380952381,0.01624909090909091,-0.08880491261218715,profile_snapshot
1445.0,0.3623,-0.316,0.8630952380952381,0.006587272727272727,0.030231459612659384,profile_snapshot
1269.0,1.0145,-0.313,0.3392857142857143,0.018445454545454546,0.03164855928200261,profile_snapshot
1353.0,1.9565,-0.444,0.5892857142857143,0.03557272727272727,-0.030231459612659495,profile_snapshot
1269.0,0.3623,-0.135,0.3392857142857143,0.006587272727272727,0.11572980632971186,profile_snapshot
1471.0,0.4348,-0.324,0.9404761904761905,0.007905454545454545,0.026452527161076933,profile_snapshot
1469.0,0.7488,-0.228,0.9345238095238095,0.013614545454545456,0.0717997165800659,profile_snapshot
1425.0,-0.0,-0.616,0.8035714285714286,-0.0,-0.11147850732168174,profile_snapshot
1281.0,0.1449,-0.47,0.375,0.0026345454545454545,-0.04251299008030229,profile_snapshot
1489.0,1.0869,-0.356,0.9940476190476191,0.019761818181818182,0.011336797354747352,profile_snapshot
1327.0,2.2222,-0.38,0.5119047619047619,0.040403636363636364,0.0,profile_snapshot
1161.0,1.0386,-0.579,0.017857142857142856,0.018883636363636363,-0.09400094473311293,profile_snapshot
1327.0,1.6908,-0.395,0.5119047619047619,0.030741818181818183,-0.007085498346717123,profile_snapshot
1269.0,0.6038,-0.14,0.3392857142857143,0.010978181818181817,0.11336797354747263,profile_snapshot
1357.0,1.2802,-0.513,0.6011904761904762,0.023276363636363637,-0.06282475200755788,profile_snapshot
1345.0,1.4734,-0.465,0.5654761904761905,0.026789090909090908,-0.04015115729806329,profile_snapshot
1403.0,2.512,-0.496,0.7380952380952381,0.045672727272727275,-0.0547945205479452,profile_snapshot
1431.0,1.1111,-0.727,0.8214285714285714,0.020201818181818182,-0.16391119508738783,profile_snapshot
1413.0,0.4348,-0.872,0.7678571428571429,0.007905454545454545,-0.23240434577231928,profile_snapshot
1227.0,1.9323,-0.607,0.21428571428571427,0.035132727272727274,-0.1072272083136514,profile_snapshot
1453.0,2.6086,-0.572,0.8869047619047619,0.04742909090909091,-0.09069437883797837,profile_snapshot
1399.0,0.6763,-0.747,0.7261904761904762,0.012296363636363637,-0.17335852621634384,profile_snapshot
1361.0,1.1111,-0.541,0.6130952380952381,0.020201818181818182,-0.07605101558809635,profile_snapshot
1185.0,2.9468,-0.427,0.08928571428571429,0.053578181818181816,-0.022201228153046815,profile_snapshot
1353.0,0.2657,-0.66,0.5892857142857143,0.004830909090909091,-0.1322626358053851,profile_snapshot
1251.0,0.8212,-0.521,0.2857142857142857,0.014930909090909092,-0.06660368445914033,profile_snapshot
1447.0,2.8743,-0.54,0.8690476190476191,0.052259999999999994,-0.07557864903164868,profile_snapshot
1457.0,0.8937,-0.268,0.8988095238095238,0.01624909090909091,0.05290505432215409,profile_snapshot
1421.0,0.1208,-0.886,0.7916666666666666,0.0021963636363636365,-0.23901747756258873,profile_snapshot
1467.0,0.8454,-0.185,0.9285714285714286,0.015370909090909091,0.0921114785073216,profile_snapshot
1155.0,0.3382,-0.762,0.0,0.006149090909090909,-0.18044402456306097,profile_snapshot
1417.0,0.4106,-0.876,0.7797619047619048,0.007465454545454546,-0.2342938119981105,profile_snapshot
1365.0,1.256,-0.533,0.625,0.022836363636363637,-0.0722720831365139,profile_snapshot
1369.0,2.4154,-0.448,0.6369047619047619,0.043916363636363635,-0.03212092583845072,profile_snapshot
1439.0,1.4492,-0.681,0.8452380952380952,0.02634909090909091,-0.1421823334907889,profile_snapshot
1431.0,0.942,-0.761,0.8214285714285714,0.017127272727272727,-0.1799716580066132,profile_snapshot
1369.0,0.4831,-0.684,0.6369047619047619,0.008783636363636363,-0.14359943316013235,profile_snapshot
1369.0,1.8599,-0.484,0.6369047619047619,0.03381636363636364,-0.04912612187057164,profile_snapshot
1485.0,0.9178,-0.358,0.9821428571428571,0.016687272727272728,0.010392064241851573,profile_snapshot
1433.0,0.0242,-0.066,0.8273809523809523,0.00043999999999999996,0.14832309872461025,profile_snapshot
1471.0,2.5845,-0.576,0.9404761904761905,0.04699090909090909,-0.0925838450637696,profile_snapshot
1329.0,0.4589,-0.557,0.5178571428571429,0.008343636363636364,-0.08360888049126125,profile_snapshot
1375.0,0.6763,-0.656,0.6547619047619048,0.012296363636363637,-0.13037316957959388,profile_snapshot
1365.0,1.9565,-0.47,0.625,0.03557272727272727,-0.04251299008030229,profile_snapshot
1325.0,1.5941,-0.396,0.5059523809523809,0.028983636363636364,-0.0075578649031649014,profile_snapshot
1323.0,0.9662,-0.452,0.5,0.017567272727272727,-0.034010392064241834,profile_snapshot
1275.0,2.2946,-0.639,0.35714285714285715,0.04172,-0.1223429381199812,profile_snapshot
1209.0,1.7874,-0.59,0.16071428571428573,0.03249818181818182,-0.09919697685403872,profile_snapshot
1419.0,1.5217,-0.626,0.7857142857142857,0.027667272727272728,-0.11620217288615964,profile_snapshot
1421.0,2.9468,-0.496,0.7916666666666666,0.053578181818181816,-0.0547945205479452,profile_snapshot
1417.0,0.0966,-0.909,0.7797619047619048,0.0017563636363636364,-0.24988190836088808,profile_snapshot
1445.0,1.6666,-0.656,0.8630952380952381,0.030301818181818183,-0.13037316957959388,profile_snapshot
1445.0,2.1014,-0.606,0.8630952380952381,0.03820727272727273,-0.10675484175720362,profile_snapshot
1373.0,0.1449,-0.868,0.6488095238095238,0.0026345454545454545,-0.23051487954652805,profile_snapshot
1421.0,1.8357,-0.592,0.7916666666666666,0.03337636363636364,-0.10014170996693439,profile_snapshot
1269.0,2.4878,-0.615,0.3392857142857143,0.04523272727272727,-0.11100614076523385,profile_snapshot
1281.0,0.8937,-0.278,0.375,0.01624909090909091,0.04818138875767586,profile_snapshot
1447.0,0.1691,-0.407,0.8690476190476191,0.0030745454545454544,-0.012753897024090799,profile_snapshot
1445.0,1.9323,-0.624,0.8630952380952381,0.035132727272727274,-0.11525743977326419,profile_snapshot
1381.0,0.6522,-0.687,0.6726190476190477,0.011858181818181818,-0.1450165328294758,profile_snapshot
1269.0,-0.0,-0.172,0.3392857142857143,-0.0,0.09825224374114305,profile_snapshot
1483.0,-0.0,-0.413,0.9761904761904762,-0.0,-0.01558809636277747,profile_snapshot
1263.0,2.4395,-0.611,0.32142857142857145,0.04435454545454545,-0.10911667453944263,profile_snapshot
1425.0,0.5314,-0.847,0.8035714285714286,0.009661818181818181,-0.22059518186112426,profile_snapshot
1421.0,2.4878,-0.528,0.7916666666666666,0.04523272727272727,-0.069910250354275,profile_snapshot
1173.0,1.9323,-0.484,0.05357142857142857,0.035132727272727274,-0.04912612187057164,profile_snapshot
1403.0,1.7391,-0.566,0.7380952380952381,0.03162,-0.08786017949929137,profile_snapshot
1239.0,9.8489,-2.497,0.25,0.1790709090909091,-1.0,profile_snapshot
1173.0,15.2416,-2.244,0.05357142857142857,0.27712,-0.8804912612187059,profile_snapshot
1357.0,6.5216,-0.478,0.6011904761904762,0.11857454545454546,-0.04629192253188463,profile_snapshot
1443.0,4.7825,-0.456,0.8571428571428571,0.08695454545454545,-0.03589985829003306,profile_snapshot
1359.0,6.5699,-0.478,0.6071428571428571,0.11945272727272727,-0.04629192253188463,profile_snapshot
1355.0,6.3767,-0.48,0.5952380952380952,0.11593999999999999,-0.04723665564478041,profile_snapshot
1345.0,3.3816,-0.434,0.5654761904761905,0.061483636363636365,-0.025507794048181487,profile_snapshot
1463.0,13.5082,-2.347,0.9166666666666666,0.24560363636363639,-0.9291450165328295,profile_snapshot
1383.0,12.3526,-2.399,0.6785714285714286,0.22459272727272728,-0.9537080774681154,profile_snapshot
1487.0,7.0047,-0.465,0.9880952380952381,0.12735818181818181,-0.04015115729806329,profile_snapshot
1373.0,8.4044,-0.435,0.6488095238095238,0.15280727272727274,-0.025980160604629265,profile_snapshot
1447.0,5.7487,-0.455,0.8690476190476191,0.10452181818181819,-0.03542749173358539,profile_snapshot
1379.0,19.0935,-2.05,0.6666666666666666,0.34715454545454544,-0.7888521492678318,profile_snapshot
1443.0,9.9452,-0.457,0.8571428571428571,0.18082181818181817,-0.03637222484648084,profile_snapshot
1423.0,6.0869,-0.487,0.7976190476190477,0.11067090909090908,-0.050543221539915084,profile_snapshot
1185.0,5.169,-0.322,0.08928571428571429,0.09398181818181818,0.02739726027397249,profile_snapshot
1481.0,4.4443,-0.493,0.9702380952380952,0.08080545454545454,-0.053377420878601756,profile_snapshot
1425.0,18.0342,-2.108,0.8035714285714286,0.32789454545454544,-0.8162494095418045,profile_snapshot
1305.0,13.6045,-2.335,0.44642857142857145,0.24735454545454544,-0.9234766178554559,profile_snapshot
1471.0,6.2801,-0.459,0.9404761904761905,0.11418363636363636,-0.03731695795937651,profile_snapshot
1433.0,5.3139,-0.451,0.8273809523809523,0.09661636363636364,-0.03353802550779417,profile_snapshot
1443.0,5.6038,-0.454,0.8571428571428571,0.10188727272727272,-0.034955125177137614,profile_snapshot
1215.0,17.9379,-2.104,0.17857142857142858,0.32614363636363636,-0.8143599433160134,profile_snapshot
1275.0,12.4489,-2.392,0.35714285714285715,0.22634363636363636,-0.9504015115729807,profile_snapshot
1325.0,11.4859,-2.433,0.5059523809523809,0.20883454545454547,-0.9697685403873405,profile_snapshot
1369.0,9.0785,-0.415,0.6369047619047619,0.16506363636363636,-0.01653282947567314,profile_snapshot
1459.0,16.1083,-2.211,0.9047619047619048,0.2928781818181818,-0.8649031648559282,profile_snapshot
1475.0,5.5554,-0.464,0.9523809523809523,0.10100727272727272,-0.03967879074161551,profile_snapshot
1435.0,11.4859,-2.127,0.8333333333333334,0.20883454545454547,-0.8252243741143126,profile_snapshot
1435.0,14.5675,-2.291,0.8333333333333334,0.26486363636363636,-0.9026924893717525,profile_snapshot
1489.0,4.5893,-0.495,0.9940476190476191,0.08344181818181817,-0.054322153991497535,profile_snapshot
1281.0,4.6859,-0.477,0.375,0.08519818181818183,-0.045819555975436965,profile_snapshot
1459.0,13.7008,-2.337,0.9047619047619048,0.24910545454545452,-0.9244213509683515,profile_snapshot
1457.0,4.9274,-0.463,0.8988095238095238,0.0895890909090909,-0.03920642418516773,profile_snapshot
1327.0,3.4782,-0.521,0.5119047619047619,0.06324,-0.06660368445914033,profile_snapshot
1455.0,4.3477,-0.475,0.8928571428571429,0.0790490909090909,-0.04487482286254141,profile_snapshot
1409.0,7.7294,-0.478,0.7559523809523809,0.14053454545454547,-0.04629192253188463,profile_snapshot
1381.0,5.4105,-0.513,0.6726190476190477,0.09837272727272726,-0.06282475200755788,profile_snapshot
1455.0,6.5216,-0.47,0.8928571428571429,0.11857454545454546,-0.04251299008030229,profile_snapshot
1417.0,6.9081,-0.497,0.7797619047619048,0.12560181818181818,-0.05526688710439298,profile_snapshot
1155.0,16.8787,-2.157,0.0,0.3068854545454545,-0.8393953708077468,profile_snapshot
1437.0,10.0415,-0.455,0.8392857142857143,0.18257272727272725,-0.03542749173358539,profile_snapshot
1239.0,18.7083,-2.064,0.25,0.3401509090909091,-0.7954652810581011,profile_snapshot
1485.0,7.3912,-0.472,0.9821428571428571,0.13438545454545456,-0.04345772319319796,profile_snapshot
1433.0,9.0785,-0.464,0.8273809523809523,0.16506363636363636,-0.03967879074161551,profile_snapshot
1333.0,17.5527,-2.129,0.5297619047619048,0.31914000000000003,-0.8261691072272084,profile_snapshot
1345.0,5.2173,-0.517,0.5654761904761905,0.09486,-0.06471421823334911,profile_snapshot
1471.0,9.1748,-0.477,0.9404761904761905,0.16681454545454544,-0.045819555975436965,profile_snapshot
1337.0,4.0579,-0.54,0.5416666666666666,0.07378,-0.07557864903164868,profile_snapshot
1481.0,7.3912,-0.475,0.9702380952380952,0.13438545454545456,-0.04487482286254141,profile_snapshot
1475.0,5.0241,-0.473,0.9523809523809523,0.09134727272727272,-0.04393008974964574,profile_snapshot
1413.0,4.0096,-0.448,0.7678571428571429,0.07290181818181818,-0.03212092583845072,profile_snapshot
1421.0,17.7453,-2.123,0.7916666666666666,0.3226418181818182,-0.8233349078885217,profile_snapshot
1469.0,19.1898,-2.049,0.9345238095238095,0.3489054545454546,-0.7883797827113841,profile_snapshot
1221.0,6.2801,-0.343,0.19642857142857142,0.11418363636363636,0.017477562588568585,profile_snapshot
1441.0,18.2268,-2.098,0.8511904761904762,0.33139636363636366,-0.8115257439773265,profile_snapshot
1479.0,14.086,-2.317,0.9642857142857143,0.2561090909090909,-0.9149740198393955,profile_snapshot
1337.0,11.6785,-2.426,0.5416666666666666,0.21233636363636363,-0.966461974492206,profile_snapshot
1401.0,18.3231,-2.091,0.7321428571428571,0.33314727272727274,-0.8082191780821919,profile_snapshot
1379.0,8.4044,-0.441,0.6666666666666666,0.15280727272727274,-0.028814359943315937,profile_snapshot
1345.0,3.5748,-0.456,0.5654761904761905,0.06499636363636364,-0.03589985829003306,profile_snapshot
1327.0,3.4299,-0.513,0.5119047619047619,0.06236181818181818,-0.06282475200755788,profile_snapshot
1191.0,19.575,-2.018,0.10714285714285714,0.3559090909090909,-0.7737364194615021,profile_snapshot
1221.0,5.8936,-0.356,0.19642857142857142,0.10715636363636363,0.011336797354747352,profile_snapshot
1209.0,10.9081,-2.456,0.16071428571428573,0.1983290909090909,-0.9806329711856401,profile_snapshot
1317.0,6.3284,-0.451,0.48214285714285715,0.11506181818181818,-0.03353802550779417,profile_snapshot
1245.0,15.5305,-2.232,0.26785714285714285,0.2823727272727273,-0.8748228625413322,profile_snapshot
1479.0,12.2563,-2.404,0.9642857142857143,0.22284181818181817,-0.9560699102503543,profile_snapshot
1443.0,19.7676,-2.018,0.8571428571428571,0.3594109090909091,-0.7737364194615021,profile_snapshot
1333.0,14.1823,-2.307,0.5297619047619048,0.25786,-0.9102503542749174,profile_snapshot
1455.0,3.7197,-0.498,0.8928571428571429,0.06763090909090909,-0.05573925366084087,profile_snapshot
1281.0,7.3912,-0.379,0.375,0.13438545454545456,0.00047236655644766756,profile_snapshot
1191.0,11.2934,-2.438,0.10714285714285714,0.20533454545454546,-0.9721303731695797,profile_snapshot
1245.0,11.7748,-2.42,0.26785714285714285,0.21408727272727274,-0.9636277751535192,profile_snapshot
1329.0,19.7676,-2.014,0.5178571428571429,0.3594109090909091,-0.7718469532357108,profile_snapshot
1479.0,8.597,-0.484,0.9642857142857143,0.1563090909090909,-0.04912612187057164,profile_snapshot
1421.0,3.7197,-0.464,0.7916666666666666,0.06763090909090909,-0.03967879074161551,profile_snapshot
1401.0,9.1748,-0.439,0.7321428571428571,0.16681454545454544,-0.02786962683042049,profile_snapshot
1489.0,17.0713,-2.161,0.9940476190476191,0.31038727272727273,-0.8412848370335381,profile_snapshot
1263.0,11.1007,-2.449,0.32142857142857145,0.2018309090909091,-0.9773264052905054,profile_snapshot
1257.0,4.4443,-0.461,0.30357142857142855,0.08080545454545454,-0.038261691072272064,profile_snapshot
1221.0,18.3231,-2.084,0.19642857142857142,0.33314727272727274,-0.8049126121870572,profile_snapshot
1325.0,14.4712,-2.291,0.5059523809523809,0.2631127272727273,-0.9026924893717525,profile_snapshot
1381.0,15.6268,-2.233,0.6726190476190477,0.28412363636363636,-0.87529522909778,profile_snapshot
1427.0,8.9822,-0.462,0.8095238095238095,0.16331272727272728,-0.038734057628720064,profile_snapshot
1487.0,3.7197,-0.534,0.9880952380952381,0.06763090909090909,-0.07274444969296179,profile_snapshot
1367.0,18.0342,-2.105,0.6309523809523809,0.32789454545454544,-0.814832309872461,profile_snapshot
1337.0,10.523,-1.619,0.5416666666666666,0.19132727272727273,-0.5852621634388286,profile_snapshot
1399.0,14.5675,-2.289,0.7261904761904762,0.26486363636363636,-0.901747756258857,profile_snapshot
1437.0,13.123,-2.365,0.8392857142857143,0.23859999999999998,-0.9376476145488901,profile_snapshot
1475.0,14.3749,-2.302,0.9523809523809523,0.2613618181818182,-0.9078885214926784,profile_snapshot
1335.0,7.7294,-0.419,0.5357142857142857,0.14053454545454547,-0.018422295701464364,profile_snapshot
1387.0,5.4588,-0.508,0.6904761904761905,0.0992509090909091,-0.06046291922531888,profile_snapshot
1413.0,7.5361,-0.484,0.7678571428571429,0.13702,-0.04912612187057164,profile_snapshot
1451.0,11.5822,-2.034,0.8809523809523809,0.21058545454545455,-0.781294284364667,profile_snapshot
1405.0,9.2711,-0.44,0.7440476190476191,0.16856545454545455,-0.02834199338686827,profile_snapshot
1359.0,3.4299,-0.421,0.6071428571428571,0.06236181818181818,-0.01936702881435992,profile_snapshot
1251.0,6.9081,-0.364,0.2857142857142857,0.12560181818181818,0.0075578649031649014,profile_snapshot
1355.0,17.1675,-2.15,0.5952380952380952,0.31213636363636366,-0.8360888049126122,profile_snapshot
1479.0,9.0785,-0.48,0.9642857142857143,0.16506363636363636,-0.04723665564478041,profile_snapshot
1299.0,13.123,-2.36,0.42857142857142855,0.23859999999999998,-0.9352857817666509,profile_snapshot
1417.0,12.5452,-2.392,0.7797619047619048,0.22809454545454544,-0.9504015115729807,profile_snapshot
1421.0,16.6861,-2.179,0.7916666666666666,0.30338363636363636,-0.8497874350495984,profile_snapshot
1481.0,11.8711,-2.192,0.9702380952380952,0.21583818181818182,-0.8559282002834201,profile_snapshot
1421.0,4.4927,-0.446,0.7916666666666666,0.08168545454545455,-0.031176192725555163,profile_snapshot
1385.0,16.8787,-2.167,0.6845238095238095,0.3068854545454545,-0.8441190363722249,profile_snapshot
1459.0,7.2946,-0.487,0.9047619047619048,0.13262909090909092,-0.050543221539915084,profile_snapshot
1441.0,17.2638,-2.149,0.8511904761904762,0.31388727272727274,-0.8356164383561644,profile_snapshot
1337.0,4.5893,-0.539,0.5416666666666666,0.08344181818181817,-0.0751062824752009,profile_snapshot
1389.0,11.1007,-2.115,0.6964285714285714,0.2018309090909091,-0.8195559754369393,profile_snapshot
1427.0,8.597,-0.47,0.8095238095238095,0.1563090909090909,-0.04251299008030229,profile_snapshot
1363.0,6.5699,-0.48,0.6190476190476191,0.11945272727272727,-0.04723665564478041,profile_snapshot
1317.0,8.0192,-0.393,0.48214285714285715,0.14580363636363636,-0.006140765233821344,profile_snapshot
1379.0,10.3304,-0.537,0.6666666666666666,0.18782545454545452,-0.07416154936230512,profile_snapshot
1383.0,16.7824,-2.172,0.6785714285714286,0.30513454545454544,-0.846480869154464,profile_snapshot
1381.0,14.8564,-2.273,0.6726190476190477,0.27011636363636365,-0.8941898913556922,profile_snapshot
1425.0,16.3009,-2.199,0.8035714285714286,0.29638,-0.8592347661785545,profile_snapshot
1397.0,5.9902,-0.507,0.7202380952380952,0.10891272727272727,-0.0599905526688711,profile_snapshot
1329.0,3.2366,-0.468,0.5178571428571429,0.05884727272727273,-0.041568256967406736,profile_snapshot
1209.0,12.2563,-2.398,0.16071428571428573,0.22284181818181817,-0.9532357109116676,profile_snapshot
1341.0,15.7231,-2.226,0.5535714285714286,0.28587454545454544,-0.8719886632026452,profile_snapshot
1161.0,8.7896,-2.455,0.017857142857142856,0.1598109090909091,-0.9801606046291923,profile_snapshot
1191.0,5.5554,-0.319,0.10714285714285714,0.10100727272727272,0.028814359943315937,profile_snapshot
1395.0,3.8163,-0.435,0.7142857142857143,0.06938727272727273,-0.025980160604629265,profile_snapshot
1197.0,4.9757,-0.351,0.125,0.09046727272727273,0.013698630136986356,profile_snapshot
1335.0,10.523,-1.708,0.5357142857142857,0.19132727272727273,-0.627302786962683,profile_snapshot
1341.0,3.768,-0.499,0.5535714285714286,0.06850909090909091,-0.05621162021728876,profile_snapshot
1263.0,9.8489,-1.93,0.32142857142857145,0.1790709090909091,-0.7321681624940954,profile_snapshot
1415.0,16.8787,-2.168,0.7738095238095238,0.3068854545454545,-0.8445914029286727,profile_snapshot
1393.0,10.4267,-0.538,0.7083333333333334,0.18957636363636365,-0.07463391591875301,profile_snapshot
1327.0,5.1207,-0.505,0.5119047619047619,0.09310363636363637,-0.05904581955597543,profile_snapshot
1347.0,6.9564,-0.458,0.5714285714285714,0.12648,-0.03684459140292884,profile_snapshot
1461.0,4.7342,-0.47,0.9107142857142857,0.08607636363636365,-0.04251299008030229,profile_snapshot
1449.0,4.2994,-0.472,0.875,0.0781709090909091,-0.04345772319319796,profile_snapshot
1453.0,6.9564,-0.485,0.8869047619047619,0.12648,-0.049598488427019305,profile_snapshot
1477.0,9.2711,-0.477,0.9583333333333334,0.16856545454545455,-0.045819555975436965,profile_snapshot
1365.0,16.975,-2.161,0.625,0.30863636363636365,-0.8412848370335381,profile_snapshot
1251.0,14.3749,-2.293,0.2857142857142857,0.2613618181818182,-0.9036372224846482,profile_snapshot
1393.0,12.8341,-2.377,0.7083333333333334,0.2333472727272727,-0.9433160132262636,profile_snapshot
1311.0,19.0935,-2.047,0.4642857142857143,0.34715454545454544,-0.7874350495984885,profile_snapshot
1359.0,11.3896,-2.438,0.6071428571428571,0.20708363636363636,-0.9721303731695797,profile_snapshot
1347.0,11.0044,-2.443,0.5714285714285714,0.20008,-0.9744922059518187,profile_snapshot
1411.0,15.049,-2.264,0.7619047619047619,0.2736181818181818,-0.8899385923476617,profile_snapshot
1367.0,6.425,-0.487,0.6309523809523809,0.11681818181818182,-0.050543221539915084,profile_snapshot
1389.0,10.6193,-0.704,0.6964285714285714,0.19307818181818184,-0.15304676428908837,profile_snapshot
1403.0,9.4637,-0.435,0.7380952380952381,0.1720672727272727,-0.025980160604629265,profile_snapshot
1413.0,11.1007,-1.345,0.7678571428571429,0.2018309090909091,-0.4558337269721304,profile_snapshot
1395.0,15.8194,-2.223,0.7142857142857143,0.2876254545454545,-0.8705715635333018,profile_snapshot
1447.0,8.6933,-0.476,0.8690476190476191,0.15806,-0.04534718941898919,profile_snapshot
1451.0,15.7231,-2.23,0.8809523809523809,0.28587454545454544,-0.8738781294284366,profile_snapshot
1447.0,6.7632,-0.485,0.8690476190476191,0.12296727272727273,-0.049598488427019305,profile_snapshot
1343.0,4.9274,-0.528,0.5595238095238095,0.0895890909090909,-0.069910250354275,profile_snapshot
1419.0,10.6193,-0.55,0.7857142857142857,0.19307818181818184,-0.08030231459612669,profile_snapshot
1415.0,18.3231,-2.092,0.7738095238095238,0.33314727272727274,-0.8086915446386397,profile_snapshot
1209.0,6.8598,-0.309,0.16071428571428573,0.12472363636363636,0.033538025507793945,profile_snapshot
1221.0,19.2861,-2.034,0.19642857142857142,0.35065636363636365,-0.781294284364667,profile_snapshot
1305.0,17.2638,-2.143,0.44642857142857145,0.31388727272727274,-0.8327822390174775,profile_snapshot
1353.0,9.0785,-0.403,0.5892857142857143,0.16506363636363636,-0.010864430798299574,profile_snapshot
1375.0,11.4859,-2.434,0.6547619047619048,0.20883454545454547,-0.9702409069437885,profile_snapshot
1403.0,17.3601,-2.142,0.7380952380952381,0.3156381818181818,-0.8323098724610298,profile_snapshot
1445.0,7.053,-0.491,0.8630952380952381,0.12823636363636365,-0.05243268776570631,profile_snapshot
1389.0,4.541,-0.451,0.6964285714285714,0.08256363636363637,-0.03353802550779417,profile_snapshot
1185.0,17.3601,-2.133,0.08928571428571429,0.3156381818181818,-0.8280585734529996,profile_snapshot
1251.0,8.9822,-0.374,0.2857142857142857,0.16331272727272728,0.0028341993386866715,profile_snapshot
1437.0,12.9304,-2.374,0.8392857142857143,0.23509818181818182,-0.9418989135569202,profile_snapshot
1383.0,5.7004,-0.513,0.6785714285714286,0.10364363636363637,-0.06282475200755788,profile_snapshot
1447.0,3.8163,-0.485,0.8690476190476191,0.06938727272727273,-0.049598488427019305,profile_snapshot
1395.0,7.3912,-0.478,0.7142857142857143,0.13438545454545456,-0.04629192253188463,profile_snapshot
1479.0,6.1352,-0.46,0.9642857142857143,0.11154909090909092,-0.037789324515824285,profile_snapshot
1343.0,6.0385,-0.482,0.5595238095238095,0.10979090909090909,-0.04818138875767608,profile_snapshot
1179.0,17.8416,-2.108,0.07142857142857142,0.3243927272727273,-0.8162494095418045,profile_snapshot
1369.0,11.3896,-2.437,0.6369047619047619,0.20708363636363636,-0.9716580066131317,profile_snapshot
1423.0,16.7824,-2.174,0.7976190476190477,0.30513454545454544,-0.8474256022673595,profile_snapshot
1209.0,13.9897,-2.312,0.16071428571428573,0.2543581818181818,-0.9126121870571563,profile_snapshot
1209.0,18.612,-2.068,0.16071428571428573,0.3384,-0.7973547472838924,profile_snapshot
1443.0,5.3139,-0.452,0.8571428571428571,0.09661636363636364,-0.034010392064241834,profile_snapshot
1335.0,3.6714,-0.511,0.5357142857142857,0.06675272727272728,-0.061880018894662325,profile_snapshot
1257.0,4.3477,-0.466,0.30357142857142855,0.0790490909090909,-0.04062352385451129,profile_snapshot
1155.0,17.1675,-2.142,0.0,0.31213636363636366,-0.8323098724610298,profile_snapshot
1173.0,18.1305,-2.092,0.05357142857142857,0.3296454545454546,-0.8086915446386397,profile_snapshot
1467.0,8.8859,-0.479,0.9285714285714286,0.16156181818181817,-0.04676428908833263,profile_snapshot
1337.0,7.7777,-0.42,0.5416666666666666,0.14141272727272727,-0.018894662257912143,profile_snapshot
1335.0,16.1083,-2.205,0.5357142857142857,0.2928781818181818,-0.8620689655172414,profile_snapshot
1469.0,18.9009,-2.064,0.9345238095238095,0.3436527272727273,-0.7954652810581011,profile_snapshot
1385.0,6.2318,-0.503,0.6845238095238095,0.11330545454545454,-0.058101086443079986,profile_snapshot
1403.0,7.2946,-0.484,0.7380952380952381,0.13262909090909092,-0.04912612187057164,profile_snapshot
1463.0,12.7378,-2.384,0.9166666666666666,0.23159636363636363,-0.9466225791213982,profile_snapshot
1345.0,9.4637,-0.405,0.5654761904761905,0.1720672727272727,-0.011809163911195242,profile_snapshot
1435.0,8.0192,-0.483,0.8333333333333334,0.14580363636363636,-0.04865375531412386,profile_snapshot
1373.0,18.2268,-2.095,0.6488095238095238,0.33139636363636366,-0.8101086443079831,profile_snapshot
1403.0,8.4044,-0.46,0.7380952380952381,0.15280727272727274,-0.037789324515824285,profile_snapshot
1203.0,19.4787,-2.023,0.14285714285714285,0.3541581818181818,-0.7760982522437413,profile_snapshot
1209.0,12.7378,-2.376,0.16071428571428573,0.23159636363636363,-0.9428436466698158,profile_snapshot
1197.0,18.7083,-2.063,0.125,0.3401509090909091,-0.7949929145016534,profile_snapshot
1221.0,18.7083,-2.064,0.19642857142857142,0.3401509090909091,-0.7954652810581011,profile_snapshot
1239.0,3.768,-0.472,0.25,0.06850909090909091,-0.04345772319319796,profile_snapshot
1161.0,16.6861,-2.168,0.017857142857142856,0.30338363636363636,-0.8445914029286727,profile_snapshot
1339.0,6.5699,-0.464,0.5476190476190477,0.11945272727272727,-0.03967879074161551,profile_snapshot
1197.0,3.3332,-0.426,0.125,0.060603636363636366,-0.021728861596599036,profile_snapshot
1357.0,16.7824,-2.171,0.6011904761904762,0.30513454545454544,-0.846008502598016,profile_snapshot
1325.0,31.9975,-1.472,0.5059523809523809,0.5817727272727272,-0.5158242796410015,profile_snapshot
1221.0,26.7974,-1.677,0.19642857142857142,0.4872254545454545,-0.6126594237128011,profile_snapshot
1327.0,25.9307,-1.73,0.5119047619047619,0.47146727272727273,-0.6376948512045348,profile_snapshot
1389.0,31.516,-1.496,0.6964285714285714,0.5730181818181818,-0.5271610769957488,profile_snapshot
1407.0,31.9975,-1.479,0.75,0.5817727272727272,-0.5191308455361361,profile_snapshot
1409.0,33.8272,-1.395,0.7559523809523809,0.6150399999999999,-0.4794520547945206,profile_snapshot
1427.0,36.1383,-1.289,0.8095238095238095,0.65706,-0.4293811998110534,profile_snapshot
1461.0,20.0565,-2.005,0.9107142857142857,0.36466363636363636,-0.7675956542276807,profile_snapshot
1363.0,36.1383,-1.281,0.6190476190476191,0.65706,-0.42560226735947093,profile_snapshot
1173.0,27.6641,-1.629,0.05357142857142857,0.5029836363636364,-0.5899858290033066,profile_snapshot
1413.0,27.4715,-1.656,0.7678571428571429,0.49948181818181814,-0.6027397260273972,profile_snapshot
1361.0,29.3974,-1.564,0.6130952380952381,0.5344981818181819,-0.5592820028341994,profile_snapshot
1397.0,23.0417,-1.88,0.7202380952380952,0.41894,-0.7085498346717052,profile_snapshot
1281.0,25.064,-1.771,0.375,0.4557090909090909,-0.6570618800188947,profile_snapshot
1445.0,24.101,-1.832,0.8630952380952381,0.4382,-0.6858762399622107,profile_snapshot
1489.0,31.2271,-1.512,0.9940476190476191,0.5677654545454546,-0.5347189418989136,profile_snapshot
1389.0,33.8272,-1.393,0.6964285714285714,0.6150399999999999,-0.478507321681625,profile_snapshot
1331.0,21.501,-1.935,0.5238095238095238,0.39092727272727273,-0.7345299952763344,profile_snapshot
1167.0,23.3306,-1.853,0.03571428571428571,0.4241927272727273,-0.6957959376476146,profile_snapshot
1377.0,21.6936,-1.93,0.6607142857142857,0.3944290909090909,-0.7321681624940954,profile_snapshot
1299.0,25.6418,-1.743,0.42857142857142855,0.46621454545454544,-0.6438356164383563,profile_snapshot
1473.0,36.2346,-1.29,0.9464285714285714,0.6588109090909091,-0.42985356636750127,profile_snapshot
1227.0,23.2343,-1.861,0.21428571428571427,0.4224418181818182,-0.699574870099197,profile_snapshot
1371.0,35.7531,-1.299,0.6428571428571429,0.6500563636363637,-0.4341048653755314,profile_snapshot
1311.0,31.9012,-1.474,0.4642857142857143,0.5800218181818182,-0.5167690127538971,profile_snapshot
1347.0,23.2343,-1.868,0.5714285714285714,0.4224418181818182,-0.7028814359943317,profile_snapshot
1475.0,36.2346,-1.29,0.9523809523809523,0.6588109090909091,-0.42985356636750127,profile_snapshot
1353.0,31.3234,-1.5,0.5892857142857143,0.5695163636363636,-0.52905054322154,profile_snapshot
1191.0,36.042,-1.266,0.10714285714285714,0.655309090909091,-0.4185167690127539,profile_snapshot
1453.0,23.4269,-1.866,0.8869047619047619,0.42594363636363636,-0.7019367028814361,profile_snapshot
1197.0,20.2491,-1.984,0.125,0.3681654545454545,-0.7576759565422768,profile_snapshot
1401.0,23.6195,-1.853,0.7321428571428571,0.4294454545454545,-0.6957959376476146,profile_snapshot
1385.0,30.4567,-1.528,0.6845238095238095,0.5537581818181818,-0.5422768068020785,profile_snapshot
1483.0,32.2864,-1.474,0.9761904761904762,0.5870254545454545,-0.5167690127538971,profile_snapshot
1327.0,30.553,-1.522,0.5119047619047619,0.555509090909091,-0.5394426074633917,profile_snapshot
1375.0,26.7974,-1.688,0.6547619047619048,0.4872254545454545,-0.617855455833727,profile_snapshot
1363.0,24.4862,-1.807,0.6190476190476191,0.44520363636363636,-0.6740670760510157,profile_snapshot
1489.0,29.0123,-1.588,0.9940476190476191,0.5274963636363637,-0.5706188001889467,profile_snapshot
1383.0,29.3974,-1.565,0.6785714285714286,0.5344981818181819,-0.5597543693906472,profile_snapshot
1413.0,33.1531,-1.428,0.7678571428571429,0.6027836363636364,-0.49504015115729805,profile_snapshot
1203.0,23.7158,-1.836,0.14285714285714285,0.43119636363636366,-0.687765706188002,profile_snapshot
1341.0,23.6195,-1.85,0.5535714285714286,0.4294454545454545,-0.6943788379782712,profile_snapshot
1329.0,24.7751,-1.79,0.5178571428571429,0.4504563636363636,-0.666036844591403,profile_snapshot
1347.0,21.501,-1.936,0.5714285714285714,0.39092727272727273,-0.7350023618327823,profile_snapshot
1443.0,36.2346,-1.286,0.8571428571428571,0.6588109090909091,-0.42796410014171005,profile_snapshot
1467.0,21.0195,-1.96,0.9285714285714286,0.3821727272727273,-0.7463391591875296,profile_snapshot
1323.0,37.8717,-1.218,0.5,0.6885763636363635,-0.3958431743032593,profile_snapshot
1197.0,36.042,-1.267,0.125,0.655309090909091,-0.4189891355692017,profile_snapshot
1155.0,32.8642,-1.413,0.0,0.597530909090909,-0.48795465281058104,profile_snapshot
1197.0,22.8491,-1.877,0.125,0.4154381818181818,-0.707132735002362,profile_snapshot
1465.0,22.3677,-1.91,0.9226190476190477,0.4066854545454545,-0.7227208313651394,profile_snapshot
1471.0,35.1753,-1.337,0.9404761904761905,0.6395509090909091,-0.452054794520548,profile_snapshot
1337.0,20.4417,-1.981,0.5416666666666666,0.37166727272727274,-0.7562588568729335,profile_snapshot
1371.0,31.7086,-1.488,0.6428571428571429,0.57652,-0.5233821445441663,profile_snapshot
1451.0,26.7011,-1.699,0.8809523809523809,0.48547454545454544,-0.6230514879546529,profile_snapshot
1461.0,20.1528,-2.0,0.9107142857142857,0.36641454545454544,-0.7652338214454417,profile_snapshot
1441.0,34.5975,-1.361,0.8511904761904762,0.6290454545454545,-0.46339159187529533,profile_snapshot
1405.0,22.3677,-1.908,0.7440476190476191,0.4066854545454545,-0.7217760982522438,profile_snapshot
1429.0,29.9752,-1.546,0.8154761904761905,0.5450036363636364,-0.5507794048181389,profile_snapshot
1459.0,20.6343,-1.977,0.9047619047619048,0.3751690909090909,-0.7543693906471423,profile_snapshot
1447.0,24.4862,-1.813,0.8690476190476191,0.44520363636363636,-0.6769012753897025,profile_snapshot
1233.0,37.968,-1.209,0.23214285714285715,0.6903272727272728,-0.3915918752952292,profile_snapshot
1251.0,24.1973,-1.814,0.2857142857142857,0.43995090909090906,-0.6773736419461502,profile_snapshot
1375.0,30.4567,-1.528,0.6547619047619048,0.5537581818181818,-0.5422768068020785,profile_snapshot
1479.0,22.7528,-1.896,0.9642857142857143,0.41368727272727274,-0.7161076995748701,profile_snapshot
1251.0,25.1603,-1.764,0.2857142857142857,0.45746,-0.6537553141237601,profile_snapshot
1431.0,28.8197,-1.593,0.8214285714285714,0.5239945454545455,-0.5729806329711857,profile_snapshot
1391.0,23.3306,-1.866,0.7023809523809523,0.4241927272727273,-0.7019367028814361,profile_snapshot
1381.0,22.9454,-1.883,0.6726190476190477,0.4171890909090909,-0.7099669343410486,profile_snapshot
1343.0,31.2271,-1.503,0.5595238095238095,0.5677654545454546,-0.5304676428908833,profile_snapshot
1465.0,26.5085,-1.71,0.9226190476190477,0.4819727272727273,-0.6282475200755786,profile_snapshot
1343.0,26.7011,-1.691,0.5595238095238095,0.48547454545454544,-0.6192725555030705,profile_snapshot
1203.0,33.9235,-1.365,0.14285714285714285,0.6167909090909091,-0.46528105810108644,profile_snapshot
1461.0,37.5828,-1.238,0.9107142857142857,0.6833236363636364,-0.40529050543221545,profile_snapshot
1349.0,20.538,-1.977,0.5773809523809523,0.3734181818181818,-0.7543693906471423,profile_snapshot
1471.0,31.1308,-1.514,0.9404761904761905,0.5660145454545454,-0.5356636750118092,profile_snapshot
1269.0,36.2346,-1.267,0.3392857142857143,0.6588109090909091,-0.4189891355692017,profile_snapshot
1469.0,37.7754,-1.233,0.9345238095238095,0.6868254545454545,-0.40292867264997645,profile_snapshot
1215.0,29.4937,-1.55,0.17857142857142858,0.5362490909090909,-0.5526688710439301,profile_snapshot
1473.0,25.3529,-1.77,0.9464285714285714,0.4609618181818182,-0.6565895134624469,profile_snapshot
1335.0,32.8642,-1.433,0.5357142857142857,0.597530909090909,-0.49740198393953716,profile_snapshot
1407.0,22.0788,-1.918,0.75,0.4014327272727273,-0.7264997638167219,profile_snapshot
1421.0,24.1973,-1.826,0.7916666666666666,0.43995090909090906,-0.6830420406235239,profile_snapshot
1357.0,36.7161,-1.258,0.6011904761904762,0.6675654545454545,-0.41473783656117147,profile_snapshot
1377.0,35.7531,-1.299,0.6607142857142857,0.6500563636363637,-0.4341048653755314,profile_snapshot
1441.0,37.1976,-1.249,0.8511904761904762,0.67632,-0.41048653755314135,profile_snapshot
1349.0,21.4047,-1.94,0.5773809523809523,0.3891763636363636,-0.7368918280585735,profile_snapshot
1393.0,22.2714,-1.911,0.7083333333333334,0.40493454545454544,-0.7231931979215872,profile_snapshot
1427.0,30.3604,-1.533,0.8095238095238095,0.5520072727272727,-0.5446386395843175,profile_snapshot
1427.0,36.9087,-1.258,0.8095238095238095,0.6710672727272727,-0.41473783656117147,profile_snapshot
1351.0,25.2566,-1.766,0.5833333333333334,0.45921090909090906,-0.6547000472366558,profile_snapshot
1367.0,37.2939,-1.239,0.6309523809523809,0.6780709090909091,-0.40576287198866334,profile_snapshot
1381.0,37.005,-1.25,0.6726190476190477,0.6728181818181819,-0.41095890410958913,profile_snapshot
1381.0,32.0938,-1.473,0.6726190476190477,0.5835236363636364,-0.5162966461974493,profile_snapshot
1257.0,23.138,-1.867,0.30357142857142855,0.4206909090909091,-0.7024090694378838,profile_snapshot
1387.0,27.0863,-1.674,0.6904761904761905,0.49247818181818187,-0.6112423240434577,profile_snapshot
1445.0,29.3011,-1.573,0.8630952380952381,0.5327472727272727,-0.5635333018422296,profile_snapshot
1325.0,32.5753,-1.446,0.5059523809523809,0.5922781818181818,-0.5035427491733586,profile_snapshot
1465.0,27.6641,-1.65,0.9226190476190477,0.5029836363636364,-0.5999055266887104,profile_snapshot
1483.0,20.4417,-1.987,0.9761904761904762,0.37166727272727274,-0.7590930562116203,profile_snapshot
1333.0,29.3011,-1.566,0.5297619047619048,0.5327472727272727,-0.560226735947095,profile_snapshot
1381.0,34.5013,-1.358,0.6726190476190477,0.6272963636363637,-0.4619744922059519,profile_snapshot
1465.0,36.3309,-1.285,0.9226190476190477,0.6605618181818181,-0.42749173358526216,profile_snapshot
1311.0,33.8272,-1.383,0.4642857142857143,0.6150399999999999,-0.473783656117147,profile_snapshot
1383.0,34.0198,-1.382,0.6785714285714286,0.6185418181818181,-0.4733112895606991,profile_snapshot
1413.0,33.6346,-1.405,0.7678571428571429,0.6115381818181818,-0.4841757203589987,profile_snapshot
1391.0,29.0123,-1.582,0.7023809523809523,0.5274963636363637,-0.5677846008502598,profile_snapshot
1425.0,36.8124,-1.262,0.8035714285714286,0.6693163636363636,-0.4166273027869627,profile_snapshot
1407.0,27.1826,-1.671,0.75,0.4942290909090909,-0.6098252243741145,profile_snapshot
1275.0,34.1161,-1.365,0.35714285714285715,0.6202927272727273,-0.46528105810108644,profile_snapshot
1383.0,36.042,-1.288,0.6785714285714286,0.655309090909091,-0.4289088332546056,profile_snapshot
1275.0,25.6418,-1.741,0.35714285714285715,0.46621454545454544,-0.6428908833254607,profile_snapshot
1361.0,23.5232,-1.855,0.6130952380952381,0.42769454545454544,-0.6967406707605102,profile_snapshot
1415.0,26.6048,-1.701,0.7738095238095238,0.48372363636363636,-0.6239962210675485,profile_snapshot
1409.0,28.7234,-1.596,0.7559523809523809,0.5222436363636364,-0.5743977326405292,profile_snapshot
1447.0,22.464,-1.906,0.8690476190476191,0.4084363636363636,-0.7208313651393481,profile_snapshot
1263.0,26.6048,-1.69,0.32142857142857145,0.48372363636363636,-0.6188001889466226,profile_snapshot
1331.0,26.99,-1.675,0.5238095238095238,0.4907272727272727,-0.6117146905999056,profile_snapshot
1361.0,31.9975,-1.475,0.6130952380952381,0.5817727272727272,-0.517241379310345,profile_snapshot
1377.0,22.6565,-1.895,0.6607142857142857,0.41193636363636366,-0.7156353330184224,profile_snapshot
1427.0,37.1013,-1.251,0.8095238095238095,0.6745690909090909,-0.4114312706660368,profile_snapshot
1417.0,28.3382,-1.614,0.7797619047619048,0.51524,-0.5829003306565896,profile_snapshot
1415.0,37.968,-1.223,0.7738095238095238,0.6903272727272728,-0.39820500708549844,profile_snapshot
1353.0,35.6568,-1.301,0.5892857142857143,0.6483054545454545,-0.43504959848842706,profile_snapshot
1413.0,25.9307,-1.736,0.7678571428571429,0.47146727272727273,-0.6405290505432215,profile_snapshot
1489.0,34.5975,-1.367,0.9940476190476191,0.6290454545454545,-0.4662257912139821,profile_snapshot
1311.0,35.1753,-1.318,0.4642857142857143,0.6395509090909091,-0.44307982994803974,profile_snapshot
1191.0,25.8344,-1.725,0.10714285714285714,0.4697163636363636,-0.6353330184222958,profile_snapshot
1395.0,30.4567,-1.529,0.7142857142857143,0.5537581818181818,-0.5427491733585262,profile_snapshot
1339.0,24.4862,-1.806,0.5476190476190477,0.44520363636363636,-0.6735947094945678,profile_snapshot
1411.0,26.2196,-1.721,0.7619047619047619,0.47672,-0.6334435521965045,profile_snapshot
1481.0,27.7604,-1.647,0.9702380952380952,0.5047345454545454,-0.5984884270193671,profile_snapshot
1451.0,34.8864,-1.348,0.8809523809523809,0.6342981818181819,-0.4572508266414739,profile_snapshot
1425.0,27.8567,-1.638,0.8035714285714286,0.5064854545454546,-0.5942371280113368,profile_snapshot
1343.0,22.9454,-1.881,0.5595238095238095,0.4171890909090909,-0.7090222012281531,profile_snapshot
1335.0,37.005,-1.245,0.5357142857142857,0.6728181818181819,-0.4085970713273501,profile_snapshot
1451.0,21.1158,-1.956,0.8809523809523809,0.38392363636363636,-0.7444496929617384,profile_snapshot
1467.0,29.1085,-1.583,0.9285714285714286,0.5292454545454546,-0.5682569674067076,profile_snapshot
1323.0,20.0565,-1.999,0.5,0.36466363636363636,-0.7647614548889939,profile_snapshot
1357.0,22.5603,-1.898,0.6011904761904762,0.41018727272727273,-0.7170524326877656,profile_snapshot
1405.0,36.2346,-1.282,0.7440476190476191,0.6588109090909091,-0.4260746339159188,profile_snapshot
1357.0,29.0123,-1.579,0.6011904761904762,0.5274963636363637,-0.5663675011809164,profile_snapshot
1333.0,36.8124,-1.252,0.5297619047619048,0.6693163636363636,-0.4119036372224847,profile_snapshot
1263.0,29.3974,-1.557,0.32142857142857145,0.5344981818181819,-0.5559754369390648,profile_snapshot
1185.0,22.464,-1.894,0.08928571428571429,0.4084363636363636,-0.7151629664619745,profile_snapshot
1443.0,32.5753,-1.458,0.8571428571428571,0.5922781818181818,-0.5092111478507322,profile_snapshot
1335.0,36.3309,-1.27,0.5357142857142857,0.6605618181818181,-0.42040623523854515,profile_snapshot
1363.0,36.8124,-1.255,0.6190476190476191,0.6693163636363636,-0.413320736891828,profile_snapshot
1389.0,37.1013,-1.248,0.6964285714285714,0.6745690909090909,-0.41001417099669346,profile_snapshot
1209.0,23.5232,-1.846,0.16071428571428573,0.42769454545454544,-0.69248937175248,profile_snapshot
1305.0,44.4969,-0.654,0.44642857142857145,0.8090345454545453,-0.12942843646669822,profile_snapshot
1353.0,42.5897,1.256,0.5892857142857143,0.7743581818181818,0.7727916863486066,profile_snapshot
1327.0,44.3279,-0.663,0.5119047619047619,0.8059618181818182,-0.13367973547472844,profile_snapshot
1269.0,41.9621,0.55,0.3392857142857143,0.7629472727272727,0.4393008974964572,profile_snapshot
1451.0,41.431,0.185,0.8809523809523809,0.753290909090909,0.266887104393009,profile_snapshot
1451.0,45.9937,-0.575,0.8809523809523809,0.8362490909090908,-0.09211147850732171,profile_snapshot
1455.0,41.5999,0.357,0.8928571428571429,0.7563618181818181,0.34813415210203114,profile_snapshot
1485.0,44.8107,-0.637,0.9821428571428571,0.8147399999999999,-0.12139820500708554,profile_snapshot
1475.0,38.874,-1.201,0.9523809523809523,0.7068000000000001,-0.38781294284364676,profile_snapshot
1221.0,41.4792,0.021,0.19642857142857142,0.7541672727272727,0.1894189891355691,profile_snapshot
1341.0,39.7324,-1.108,0.5535714285714286,0.7224072727272727,-0.343882853094001,profile_snapshot
1215.0,43.483,-0.707,0.17857142857142858,0.7906,-0.1544638639584317,profile_snapshot
1357.0,44.0382,-0.678,0.6011904761904762,0.8006945454545455,-0.14076523382144546,profile_snapshot
1269.0,45.197,-0.617,0.3392857142857143,0.8217636363636364,-0.11195087387812952,profile_snapshot
1365.0,41.6965,0.374,0.625,0.7581181818181818,0.3561643835616439,profile_snapshot
1409.0,40.8769,-0.401,0.7559523809523809,0.7432163636363637,-0.009919697685403794,profile_snapshot
1333.0,42.6139,1.262,0.5297619047619048,0.7747981818181818,0.7756258856872933,profile_snapshot
1275.0,42.1793,0.773,0.35714285714285715,0.7668963636363636,0.5446386395843175,profile_snapshot
1403.0,41.9621,0.674,0.7380952380952381,0.7629472727272727,0.49787435049598483,profile_snapshot
1397.0,41.5517,0.258,0.7202380952380952,0.7554854545454545,0.3013698630136985,profile_snapshot
1327.0,44.5452,-0.651,0.5119047619047619,0.8099127272727273,-0.12801133679735477,profile_snapshot
1257.0,45.366,-0.608,0.30357142857142855,0.8248363636363636,-0.10769957487009929,profile_snapshot
1487.0,40.1139,-0.94,0.9880952380952381,0.7293436363636364,-0.26452527161077,profile_snapshot
1487.0,42.1311,0.916,0.9880952380952381,0.76602,0.6121870571563532,profile_snapshot
1311.0,42.5173,1.145,0.4642857142857143,0.7730418181818182,0.7203589985829002,profile_snapshot
1311.0,44.3762,-0.66,0.4642857142857143,0.80684,-0.1322626358053851,profile_snapshot
1293.0,38.5402,-1.2,0.4107142857142857,0.7007309090909091,-0.38734057628719887,profile_snapshot
1167.0,41.3827,-0.13,0.03571428571428571,0.7524127272727272,0.11809163911195086,profile_snapshot
1399.0,42.5656,1.274,0.7261904761904762,0.77392,0.7812942843646669,profile_snapshot
1415.0,45.1487,-0.619,0.7738095238095238,0.8208854545454545,-0.11289560699102508,profile_snapshot
1427.0,42.3966,1.13,0.8095238095238095,0.7708472727272727,0.7132735002361832,profile_snapshot
1473.0,39.6847,-1.106,0.9464285714285714,0.72154,-0.34293811998110546,profile_snapshot
1341.0,43.0484,1.704,0.5535714285714286,0.7826981818181818,0.9844119036372223,profile_snapshot
1167.0,41.4551,-0.057,0.03571428571428571,0.7537290909090909,0.1525743977326406,profile_snapshot
1435.0,44.7142,-0.642,0.8333333333333334,0.8129854545454546,-0.12376003778932454,profile_snapshot
1351.0,41.4068,0.072,0.5833333333333334,0.752850909090909,0.21350968351440724,profile_snapshot
1327.0,41.5034,0.146,0.5119047619047619,0.7546072727272727,0.24846480869154464,profile_snapshot
1461.0,44.6418,-0.646,0.9107142857142857,0.811669090909091,-0.12564950401511576,profile_snapshot
1465.0,42.8553,1.621,0.9226190476190477,0.7791872727272727,0.945205479452055,profile_snapshot
1191.0,43.4588,-0.709,0.10714285714285714,0.79016,-0.15540859707132748,profile_snapshot
1411.0,43.9417,-0.683,0.7619047619047619,0.79894,-0.14312706660368457,profile_snapshot
1275.0,41.7206,0.314,0.35714285714285715,0.7585563636363636,0.32782239017477566,profile_snapshot
1341.0,39.6847,-1.118,0.5535714285714286,0.72154,-0.348606518658479,profile_snapshot
1203.0,44.9073,-0.632,0.14285714285714285,0.8164963636363636,-0.11903637222484653,profile_snapshot
1367.0,40.0662,-1.003,0.6309523809523809,0.7284763636363637,-0.2942843646669816,profile_snapshot
1361.0,38.0634,-1.216,0.6130952380952381,0.6920618181818182,-0.39489844119036377,profile_snapshot
1471.0,42.5897,1.361,0.9404761904761905,0.7743581818181818,0.8223901747756257,profile_snapshot
1395.0,42.976,1.68,0.7142857142857143,0.7813818181818182,0.973075106282475,profile_snapshot
1435.0,43.8209,-0.689,0.8333333333333334,0.7967436363636364,-0.14596126594237135,profile_snapshot
1167.0,44.4245,-0.658,0.03571428571428571,0.8077181818181819,-0.13131790269248933,profile_snapshot
1445.0,45.1246,-0.621,0.8630952380952381,0.8204472727272727,-0.11384034010392075,profile_snapshot
1379.0,42.8312,1.521,0.6666666666666666,0.778749090909091,0.8979688238072743,profile_snapshot
1227.0,41.9138,0.461,0.21428571428571427,0.7620690909090909,0.39726027397260255,profile_snapshot
1369.0,44.9073,-0.632,0.6369047619047619,0.8164963636363636,-0.11903637222484653,profile_snapshot
1335.0,38.3972,-1.206,0.5357142857142857,0.698130909090909,-0.39017477562588576,profile_snapshot
1479.0,38.6356,-1.209,0.9642857142857143,0.7024654545454545,-0.3915918752952292,profile_snapshot
1155.0,44.7142,-0.642,0.0,0.8129854545454546,-0.12376003778932454,profile_snapshot
1359.0,41.262,-0.066,0.6071428571428571,0.7502181818181818,0.14832309872461025,profile_snapshot
1399.0,44.4969,-0.654,0.7261904761904762,0.8090345454545453,-0.12942843646669822,profile_snapshot
1459.0,40.0662,-0.974,0.9047619047619048,0.7284763636363637,-0.28058573452999536,profile_snapshot
1317.0,42.1311,0.764,0.48214285714285715,0.76602,0.5403873405762873,profile_snapshot
1403.0,43.9658,-0.682,0.7380952380952381,0.7993781818181819,-0.14265470004723668,profile_snapshot
1475.0,44.1106,-0.674,0.9523809523809523,0.8020109090909091,-0.13887576759565423,profile_snapshot
1209.0,41.1171,-0.35,0.16071428571428573,0.7475836363636363,0.014170996693434024,profile_snapshot
1269.0,41.3344,-0.078,0.3392857142857143,0.7515345454545455,0.14265470004723668,profile_snapshot
1475.0,38.0157,-1.226,0.9523809523809523,0.6911945454545455,-0.3996221067548418,profile_snapshot
1373.0,44.7866,-0.639,0.6488095238095238,0.8143018181818181,-0.1223429381199812,profile_snapshot
1371.0,42.976,1.659,0.6428571428571429,0.7813818181818182,0.9631554085970713,profile_snapshot
1343.0,45.5108,-0.6,0.5595238095238095,0.8274690909090909,-0.10392064241851684,profile_snapshot
1251.0,41.1413,-0.286,0.2857142857142857,0.7480236363636363,0.04440245630609341,profile_snapshot
1453.0,42.6622,1.418,0.8869047619047619,0.7756763636363636,0.8493150684931507,profile_snapshot
1311.0,45.0763,-0.623,0.4642857142857143,0.819569090909091,-0.1147850732168163,profile_snapshot
1245.0,39.8755,-1.083,0.26785714285714285,0.7250090909090909,-0.3320736891828059,profile_snapshot
1367.0,45.9695,-0.576,0.6309523809523809,0.8358090909090908,-0.0925838450637696,profile_snapshot
1437.0,38.9694,-1.195,0.8392857142857143,0.7085345454545454,-0.38497874350496,profile_snapshot
1173.0,38.3972,-1.194,0.05357142857142857,0.698130909090909,-0.3845063769485121,profile_snapshot
1405.0,42.1069,0.82,0.7440476190476191,0.76558,0.5668398677373641,profile_snapshot
1325.0,45.3177,-0.611,0.5059523809523809,0.8239581818181818,-0.10911667453944263,profile_snapshot
1357.0,40.3523,-0.864,0.6011904761904762,0.7336781818181818,-0.22862541332073694,profile_snapshot
1405.0,43.483,-0.707,0.7440476190476191,0.7906,-0.1544638639584317,profile_snapshot
1323.0,44.3521,-0.661,0.5,0.8064018181818182,-0.1327350023618329,profile_snapshot
1371.0,45.8247,-0.584,0.6428571428571429,0.8331763636363636,-0.09636277751535205,profile_snapshot
1445.0,41.3827,0.132,0.8630952380952381,0.7524127272727272,0.2418516769012753,profile_snapshot
1429.0,41.7448,0.48,0.8154761904761905,0.7589963636363636,0.4062352385451109,profile_snapshot
1351.0,44.2796,-0.665,0.5833333333333334,0.8050836363636364,-0.1346244685876241,profile_snapshot
1429.0,40.4,-0.792,0.8154761904761905,0.7345454545454545,-0.1946150212564951,profile_snapshot
1475.0,44.8832,-0.633,0.9523809523809523,0.8160581818181819,-0.11950873878129431,profile_snapshot
1371.0,38.9694,-1.191,0.6428571428571429,0.7085345454545454,-0.38308927727916875,profile_snapshot
1429.0,43.5554,-0.703,0.8154761904761905,0.7919163636363636,-0.15257439773264048,profile_snapshot
1433.0,42.7104,1.449,0.8273809523809523,0.7765527272727273,0.8639584317430324,profile_snapshot
1369.0,42.4207,1.102,0.6369047619047619,0.7712854545454545,0.7000472366556449,profile_snapshot
1447.0,38.6833,-1.205,0.8690476190476191,0.7033327272727273,-0.389702409069438,profile_snapshot
1327.0,44.0382,-0.678,0.5119047619047619,0.8006945454545455,-0.14076523382144546,profile_snapshot
1385.0,45.1487,-0.619,0.6845238095238095,0.8208854545454545,-0.11289560699102508,profile_snapshot
1437.0,41.0447,-0.213,0.8392857142857143,0.7462672727272727,0.07888521492678313,profile_snapshot
1383.0,43.2657,-0.719,0.6785714285714286,0.786649090909091,-0.16013226263580538,profile_snapshot
1405.0,40.1616,-0.948,0.7440476190476191,0.7302109090909091,-0.26830420406235245,profile_snapshot
1429.0,38.6356,-1.206,0.8154761904761905,0.7024654545454545,-0.39017477562588576,profile_snapshot
1197.0,45.7523,-0.588,0.125,0.8318599999999999,-0.09825224374114316,profile_snapshot
1467.0,41.1171,-0.115,0.9285714285714286,0.7475836363636363,0.12517713745866788,profile_snapshot
1385.0,45.5833,-0.597,0.6845238095238095,0.8287872727272727,-0.10250354274917339,profile_snapshot
1369.0,40.9964,-0.32,0.6369047619047619,0.7453890909090909,0.02834199338686827,profile_snapshot
1375.0,42.4207,1.107,0.6547619047619048,0.7712854545454545,0.702409069437884,profile_snapshot
1323.0,43.6037,-0.701,0.5,0.7927945454545455,-0.15162966461974503,profile_snapshot
1463.0,39.8755,-1.05,0.9166666666666666,0.7250090909090909,-0.3164855928200284,profile_snapshot
1475.0,40.7815,-0.437,0.9523809523809523,0.7414818181818182,-0.026924893717524823,profile_snapshot
1359.0,43.2898,-0.717,0.6071428571428571,0.7870872727272727,-0.15918752952290982,profile_snapshot
1445.0,44.9073,-0.632,0.8630952380952381,0.8164963636363636,-0.11903637222484653,profile_snapshot
1419.0,41.3827,0.109,0.7857142857142857,0.7524127272727272,0.23098724610297583,profile_snapshot
1437.0,43.8692,-0.687,0.8392857142857143,0.7976218181818182,-0.1450165328294758,profile_snapshot
1371.0,38.1587,-1.214,0.6428571428571429,0.6937945454545456,-0.3939537080774681,profile_snapshot
1347.0,43.7727,-0.692,0.5714285714285714,0.7958672727272728,-0.1473783656117147,profile_snapshot
1347.0,45.3177,-0.611,0.5714285714285714,0.8239581818181818,-0.10911667453944263,profile_snapshot
1489.0,40.8292,-0.38,0.9940476190476191,0.742349090909091,0.0,profile_snapshot
1395.0,41.9862,0.691,0.7142857142857143,0.7633854545454545,0.5059045819555974,profile_snapshot
1457.0,44.8107,-0.637,0.8988095238095238,0.8147399999999999,-0.12139820500708554,profile_snapshot
1371.0,44.4728,-0.655,0.6428571428571429,0.8085963636363637,-0.129900803023146,profile_snapshot
1437.0,40.2093,-0.91,0.8392857142857143,0.7310781818181818,-0.250354274917336,profile_snapshot
1173.0,43.8934,-0.686,0.05357142857142857,0.7980618181818182,-0.1445441662730279,profile_snapshot
1405.0,45.4626,-0.603,0.7440476190476191,0.8265927272727273,-0.10533774208786018,profile_snapshot
1323.0,42.7829,1.422,0.5,0.7778709090909091,0.8512045347189416,profile_snapshot
1349.0,45.2936,-0.612,0.5773809523809523,0.8235199999999999,-0.10958904109589052,profile_snapshot
1327.0,39.3509,-1.163,0.5119047619047619,0.7154709090909092,-0.36986301369863017,profile_snapshot
1263.0,38.7787,-1.19,0.32142857142857145,0.7050672727272728,-0.38261691072272086,profile_snapshot
1481.0,43.3864,-0.712,0.9702380952380952,0.7888436363636364,-0.15682569674067082,profile_snapshot
1161.0,43.145,-0.698,0.017857142857142856,0.7844545454545455,-0.15021256495040158,profile_snapshot
1429.0,45.6798,-0.591,0.8154761904761905,0.8305418181818182,-0.09966934341048661,profile_snapshot
1381.0,44.7383,-0.641,0.6726190476190477,0.8134236363636365,-0.12328767123287676,profile_snapshot
1191.0,43.7727,-0.692,0.10714285714285714,0.7958672727272728,-0.1473783656117147,profile_snapshot
1239.0,42.5656,1.125,0.25,0.77392,0.7109116674539442,profile_snapshot
1245.0,41.9621,0.527,0.26785714285714285,0.7629472727272727,0.4284364666981577,profile_snapshot
1379.0,40.1139,-0.979,0.6666666666666666,0.7293436363636364,-0.28294756731223436,profile_snapshot
1393.0,45.2936,-0.612,0.7083333333333334,0.8235199999999999,-0.10958904109589052,profile_snapshot
1377.0,43.0484,1.737,0.6607142857142857,0.7826981818181818,1.0,profile_snapshot
1427.0,42.6139,1.347,0.8095238095238095,0.7747981818181818,0.8157770429853566,profile_snapshot
1481.0,39.0648,-1.191,0.9702380952380952,0.7102690909090908,-0.38308927727916875,profile_snapshot
1387.0,40.5431,-0.712,0.6904761904761905,0.7371472727272728,-0.15682569674067082,profile_snapshot
1239.0,42.4207,0.98,0.25,0.7712854545454545,0.6424185167690126,profile_snapshot
1333.0,38.0157,-1.215,0.5297619047619048,0.6911945454545455,-0.394426074633916,profile_snapshot
1411.0,45.9212,-0.579,0.7619047619047619,0.8349309090909091,-0.09400094473311293,profile_snapshot
1463.0,45.1487,-0.619,0.9166666666666666,0.8208854545454545,-0.11289560699102508,profile_snapshot
1379.0,44.7142,-0.642,0.6666666666666666,0.8129854545454546,-0.12376003778932454,profile_snapshot
1405.0,41.2378,-0.049,0.7440476190476191,0.7497781818181818,0.15635333018422304,profile_snapshot
1429.0,43.9417,-0.683,0.8154761904761905,0.79894,-0.14312706660368457,profile_snapshot
1179.0,44.1589,-0.672,0.07142857142857142,0.802889090909091,-0.13793103448275879,profile_snapshot
1413.0,42.6139,1.334,0.7678571428571429,0.7747981818181818,0.8096362777515351,profile_snapshot
1179.0,39.8278,-1.096,0.07142857142857142,0.7241418181818182,-0.33821445441662734,profile_snapshot
1481.0,39.7324,-1.092,0.9702380952380952,0.7224072727272727,-0.3363249881908362,profile_snapshot
1275.0,40.7338,-0.64,0.35714285714285715,0.7406145454545455,-0.12281530467642898,profile_snapshot
1383.0,40.0185,-1.017,0.6785714285714286,0.727609090909091,-0.30089749645725083,profile_snapshot
1439.0,45.7523,-0.588,0.8452380952380952,0.8318599999999999,-0.09825224374114316,profile_snapshot
1419.0,42.8794,1.605,0.7857142857142857,0.7796254545454545,0.9376476145488901,profile_snapshot
1455.0,41.431,0.189,0.8928571428571429,0.753290909090909,0.2687765706188001,profile_snapshot
1355.0,44.4728,-0.655,0.5952380952380952,0.8085963636363637,-0.129900803023146,profile_snapshot
1481.0,45.873,-0.581,0.9702380952380952,0.8340545454545454,-0.09494567784600849,profile_snapshot
1197.0,42.9519,1.469,0.125,0.7809436363636364,0.8734057628719887,profile_snapshot
1375.0,42.7587,1.445,0.6547619047619048,0.7774309090909091,0.8620689655172415,profile_snapshot
1489.0,38.3972,-1.216,0.9940476190476191,0.698130909090909,-0.39489844119036377,profile_snapshot
1365.0,45.7523,-0.588,0.625,0.8318599999999999,-0.09825224374114316,profile_snapshot
1327.0,45.7523,-0.588,0.5119047619047619,0.8318599999999999,-0.09825224374114316,profile_snapshot
1431.0,45.0763,-0.623,0.8214285714285714,0.819569090909091,-0.1147850732168163,profile_snapshot
1257.0,39.8278,-1.093,0.30357142857142855,0.7241418181818182,-0.3367973547472839,profile_snapshot
1465.0,45.0763,-0.623,0.9226190476190477,0.819569090909091,-0.1147850732168163,profile_snapshot
1377.0,44.2796,-0.665,0.6607142857142857,0.8050836363636364,-0.1346244685876241,profile_snapshot
1447.0,43.8934,-0.686,0.8690476190476191,0.7980618181818182,-0.1445441662730279,profile_snapshot
1317.0,44.2796,-0.665,0.48214285714285715,0.8050836363636364,-0.1346244685876241,profile_snapshot
1305.0,41.8172,0.439,0.44642857142857145,0.7603127272727273,0.386868209730751,profile_snapshot
1421.0,40.5908,-0.65,0.7916666666666666,0.7380145454545455,-0.127538970240907,profile_snapshot
1413.0,41.1654,-0.114,0.7678571428571429,0.7484618181818181,0.12564950401511576,profile_snapshot
1203.0,40.1616,-1.009,0.14285714285714285,0.7302109090909091,-0.2971185640056684,profile_snapshot
1471.0,38.6356,-1.208,0.9404761904761905,0.7024654545454545,-0.3911195087387813,profile_snapshot
1433.0,42.5656,1.304,0.8273809523809523,0.77392,0.7954652810581011,profile_snapshot
1343.0,44.2555,-0.667,0.5595238095238095,0.8046454545454546,-0.13556920170051967,profile_snapshot
1329.0,42.5415,1.186,0.5178571428571429,0.7734818181818182,0.7397260273972601,profile_snapshot
1361.0,45.0763,-0.623,0.6130952380952381,0.819569090909091,-0.1147850732168163,profile_snapshot
1461.0,44.4969,-0.654,0.9107142857142857,0.8090345454545453,-0.12942843646669822,profile_snapshot
1349.0,43.7244,-0.695,0.5773809523809523,0.794989090909091,-0.14879546528105803,profile_snapshot
1385.0,40.9723,-0.329,0.6845238095238095,0.744950909090909,0.02409069437883793,profile_snapshot
1245.0,42.9519,1.517,0.26785714285714285,0.7809436363636364,0.8960793575814829,profile_snapshot
1381.0,41.8896,0.582,0.6726190476190477,0.7616290909090909,0.45441662730278676,profile_snapshot
1257.0,43.8451,-0.688,0.30357142857142855,0.7971836363636364,-0.14548889938592346,profile_snapshot
1405.0,38.9694,-1.193,0.7440476190476191,0.7085345454545454,-0.3840340103920643,profile_snapshot
1269.0,45.6557,-0.593,0.3392857142857143,0.8301036363636364,-0.10061407652338217,profile_snapshot
1415.0,43.0967,0.944,0.7738095238095238,0.7835763636363636,0.6254133207368917,profile_snapshot
1167.0,44.1589,-0.672,0.03571428571428571,0.802889090909091,-0.13793103448275879,profile_snapshot
1481.0,39.1602,-1.185,0.9702380952380952,0.7120036363636364,-0.38025507794048186,profile_snapshot
1419.0,39.3032,-1.171,0.7857142857142857,0.7146036363636363,-0.3736419461502126,profile_snapshot
1399.0,45.366,-0.608,0.7261904761904762,0.8248363636363636,-0.10769957487009929,profile_snapshot
1417.0,44.2072,-0.669,0.7797619047619048,0.8037672727272728,-0.13651393481341523,profile_snapshot
1349.0,44.6659,-0.645,0.5773809523809523,0.8121072727272728,-0.125177137458668,profile_snapshot
1355.0,41.6482,0.317,0.5952380952380952,0.75724,0.3292394898441191,profile_snapshot
1269.0,41.0447,-0.363,0.3392857142857143,0.7462672727272727,0.008030231459612569,profile_snapshot
1327.0,43.5554,-0.703,0.5119047619047619,0.7919163636363636,-0.15257439773264048,profile_snapshot
1323.0,38.5879,-1.201,0.5,0.7015981818181818,-0.38781294284364676,profile_snapshot
1353.0,44.4245,-0.658,0.5892857142857143,0.8077181818181819,-0.13131790269248933,profile_snapshot
1437.0,45.2211,-0.616,0.8392857142857143,0.8222018181818181,-0.11147850732168174,profile_snapshot
1465.0,42.3242,1.09,0.9226190476190477,0.769530909090909,0.6943788379782709,profile_snapshot
1325.0,41.2861,-0.073,0.5059523809523809,0.7506563636363636,0.1450165328294757,profile_snapshot
1337.0,39.3032,-1.168,0.5416666666666666,0.7146036363636363,-0.3722248464808692,profile_snapshot
1375.0,44.3038,-0.664,0.6547619047619048,0.8055236363636364,-0.13415210203117633,profile_snapshot
1441.0,45.9454,-0.577,0.8511904761904762,0.835370909090909,-0.09305621162021727,profile_snapshot
1335.0,41.431,0.081,0.5357142857142857,0.753290909090909,0.21776098252243736,profile_snapshot
1293.0,42.5897,1.2,0.4107142857142857,0.7743581818181818,0.7463391591875295,profile_snapshot
1461.0,41.0205,-0.216,0.9107142857142857,0.7458272727272727,0.07746811525743968,profile_snapshot
1341.0,45.1246,-0.621,0.5535714285714286,0.8204472727272727,-0.11384034010392075,profile_snapshot
1337.0,41.8896,0.541,0.5416666666666666,0.7616290909090909,0.43504959848842684,profile_snapshot
1357.0,44.8349,-0.636,0.6011904761904762,0.8151799999999999,-0.12092583845063776,profile_snapshot
1463.0,45.873,-0.581,0.9166666666666666,0.8340545454545454,-0.09494567784600849,profile_snapshot
1473.0,42.9277,1.701,0.9464285714285714,0.7805036363636364,0.9829948039678793,profile_snapshot
1155.0,44.5452,-0.651,0.0,0.8099127272727273,-0.12801133679735477,profile_snapshot
1343.0,41.2861,-0.056,0.5595238095238095,0.7506563636363636,0.15304676428908826,profile_snapshot
1369.0,39.637,-1.125,0.6369047619047619,0.7206727272727272,-0.3519130845536137,profile_snapshot
1233.0,39.1602,-1.17,0.23214285714285715,0.7120036363636364,-0.37316957959376473,profile_snapshot
1475.0,39.3986,-1.16,0.9523809523809523,0.7163381818181819,-0.3684459140292867,profile_snapshot
1401.0,43.6761,-0.697,0.7321428571428571,0.7941109090909091,-0.1497401983939538,profile_snapshot
1339.0,41.9138,0.568,0.5476190476190477,0.7620690909090909,0.44780349551251764,profile_snapshot
1215.0,44.2313,-0.668,0.17857142857142858,0.8042054545454544,-0.13604156825696756,profile_snapshot
1427.0,39.9708,-1.024,0.8095238095238095,0.7267418181818182,-0.3042040623523855,profile_snapshot
1413.0,42.4932,1.214,0.7678571428571429,0.7726036363636364,0.7529522909777988,profile_snapshot
1327.0,44.9073,-0.632,0.5119047619047619,0.8164963636363636,-0.11903637222484653,profile_snapshot
1311.0,41.5517,0.179,0.4642857142857143,0.7554854545454545,0.2640529050543221,profile_snapshot
1347.0,42.3483,1.009,0.5714285714285714,0.7699690909090909,0.656117146905999,profile_snapshot
1365.0,43.8209,-0.689,0.625,0.7967436363636364,-0.14596126594237135,profile_snapshot
1209.0,41.9138,0.443,0.16071428571428573,0.7620690909090909,0.3887576759565423,profile_snapshot
1479.0,44.6659,-0.645,0.9642857142857143,0.8121072727272728,-0.125177137458668,profile_snapshot
1485.0,43.9417,-0.683,0.9821428571428571,0.79894,-0.14312706660368457,profile_snapshot
1395.0,41.7931,0.498,0.7142857142857143,0.7598745454545455,0.4147378365611716,profile_snapshot
1459.0,41.0447,-0.194,0.9047619047619048,0.7462672727272727,0.08786017949929148,profile_snapshot
1459.0,44.5935,-0.649,0.9047619047619048,0.8107909090909091,-0.1270666036844592,profile_snapshot
1191.0,44.5693,-0.65,0.10714285714285714,0.810350909090909,-0.127538970240907,profile_snapshot
1401.0,40.4954,-0.74,0.7321428571428571,0.7362799999999999,-0.17005196032120928,profile_snapshot
1263.0,39.0648,-1.178,0.32142857142857145,0.7102690909090908,-0.3769485120453472,profile_snapshot
1417.0,42.6622,1.386,0.7797619047619048,0.7756763636363636,0.834199338686821,profile_snapshot
1353.0,41.3585,0.025,0.5892857142857143,0.7519727272727272,0.19130845536136043,profile_snapshot
1337.0,45.197,-0.617,0.5416666666666666,0.8217636363636364,-0.11195087387812952,profile_snapshot
1485.0,44.2313,-0.668,0.9821428571428571,0.8042054545454544,-0.13604156825696756,profile_snapshot
1347.0,44.0865,-0.675,0.5714285714285714,0.8015727272727273,-0.13934813415210212,profile_snapshot
1371.0,38.2064,-1.213,0.6428571428571429,0.6946618181818183,-0.39348134152102043,profile_snapshot
1257.0,42.2035,0.78,0.30357142857142855,0.7673363636363636,0.547945205479452,profile_snapshot
1369.0,41.7206,0.402,0.6369047619047619,0.7585563636363636,0.3693906471421824,profile_snapshot
1269.0,41.2137,-0.198,0.3392857142857143,0.74934,0.08597071327350014,profile_snapshot
1461.0,43.483,-0.707,0.9107142857142857,0.7906,-0.1544638639584317,profile_snapshot
1287.0,42.0586,0.664,0.39285714285714285,0.7647018181818181,0.4931506849315068,profile_snapshot
1397.0,44.9556,-0.63,0.7202380952380952,0.8173745454545454,-0.11809163911195086,profile_snapshot
1399.0,42.6622,1.37,0.7261904761904762,0.7756763636363636,0.826641473783656,profile_snapshot
1203.0,44.6659,-0.645,0.14285714285714285,0.8121072727272728,-0.125177137458668,profile_snapshot
1377.0,41.1654,-0.146,0.6607142857142857,0.7484618181818181,0.11053377420878596,profile_snapshot
1327.0,42.2759,0.919,0.5119047619047619,0.7686527272727273,0.6136041568256967,profile_snapshot
1357.0,43.5071,-0.706,0.6011904761904762,0.7910381818181819,-0.15399149740198392,profile_snapshot
1341.0,43.9417,-0.683,0.5535714285714286,0.79894,-0.14312706660368457,profile_snapshot
1489.0,45.2211,-0.616,0.9940476190476191,0.8222018181818181,-0.11147850732168174,profile_snapshot
1375.0,42.2759,0.962,0.6547619047619048,0.7686527272727273,0.6339159187529522,profile_snapshot
1477.0,42.8312,1.608,0.9583333333333334,0.778749090909091,0.9390647142182336,profile_snapshot
1467.0,38.4449,-1.213,0.9285714285714286,0.6989981818181817,-0.39348134152102043,profile_snapshot
1379.0,38.6833,-1.202,0.6666666666666666,0.7033327272727273,-0.38828530940009454,profile_snapshot
1381.0,44.521,-0.653,0.6726190476190477,0.8094727272727272,-0.12895606991025044,profile_snapshot
1357.0,41.5999,0.27,0.6011904761904762,0.7563618181818181,0.3070382616910723,profile_snapshot
1477.0,43.1691,-0.704,0.9583333333333334,0.7848927272727273,-0.15304676428908837,profile_snapshot
1299.0,41.6482,0.265,0.42857142857142855,0.75724,0.3046764289088333,profile_snapshot
1375.0,45.366,-0.608,0.6547619047619048,0.8248363636363636,-0.10769957487009929,profile_snapshot
1215.0,40.9723,-0.481,0.17857142857142858,0.744950909090909,-0.04770902220122819,profile_snapshot
1459.0,41.3827,0.144,0.9047619047619048,0.7524127272727272,0.24752007557864908,profile_snapshot
1215.0,43.0484,1.584,0.17857142857142858,0.7826981818181818,0.9277279168634858,profile_snapshot
1435.0,40.4477,-0.754,0.8333333333333334,0.7354127272727272,-0.17666509211147852,profile_snapshot
1387.0,44.4728,-0.655,0.6904761904761905,0.8085963636363637,-0.129900803023146,profile_snapshot
1245.0,43.4347,-0.71,0.26785714285714285,0.7897218181818182,-0.15588096362777515,profile_snapshot
1449.0,40.3046,-0.846,0.875,0.7328109090909091,-0.22012281530467648,profile_snapshot
1489.0,42.6139,1.401,0.9940476190476191,0.7747981818181818,0.841284837033538,profile_snapshot
1421.0,44.0382,-0.678,0.7916666666666666,0.8006945454545455,-0.14076523382144546,profile_snapshot
1327.0,42.9519,1.594,0.5119047619047619,0.7809436363636364,0.9324515824279642,profile_snapshot
1409.0,43.8934,-0.686,0.7559523809523809,0.7980618181818182,-0.1445441662730279,profile_snapshot
1467.0,39.6847,-1.107,0.9285714285714286,0.72154,-0.34341048653755324,profile_snapshot
1455.0,43.7002,-0.696,0.8928571428571429,0.794549090909091,-0.14926783183750592,profile_snapshot
1209.0,44.4969,-0.654,0.16071428571428573,0.8090345454545453,-0.12942843646669822,profile_snapshot
1341.0,44.4969,-0.654,0.5535714285714286,0.8090345454545453,-0.12942843646669822,profile_snapshot
1435.0,38.2541,-1.217,0.8333333333333334,0.6955290909090909,-0.39537080774681166,profile_snapshot
1347.0,45.6557,-0.593,0.5714285714285714,0.8301036363636364,-0.10061407652338217,profile_snapshot
1375.0,41.6724,0.359,0.6547619047619048,0.75768,0.3490788852149267,profile_snapshot
1393.0,45.4626,-0.603,0.7083333333333334,0.8265927272727273,-0.10533774208786018,profile_snapshot
1375.0,43.7244,-0.695,0.6547619047619048,0.794989090909091,-0.14879546528105803,profile_snapshot
1197.0,45.0763,-0.623,0.125,0.819569090909091,-0.1147850732168163,profile_snapshot
1431.0,44.4486,-0.656,0.8214285714285714,0.8081563636363637,-0.13037316957959388,profile_snapshot
1305.0,38.6356,-1.198,0.44642857142857145,0.7024654545454545,-0.3863958431743033,profile_snapshot
1353.0,43.1691,-0.719,0.5892857142857143,0.7848927272727273,-0.16013226263580538,profile_snapshot
1445.0,43.6037,-0.701,0.8630952380952381,0.7927945454545455,-0.15162966461974503,profile_snapshot
1389.0,44.6659,-0.645,0.6964285714285714,0.8121072727272728,-0.125177137458668,profile_snapshot
1461.0,41.1171,-0.12,0.9107142857142857,0.7475836363636363,0.12281530467642887,profile_snapshot
1269.0,45.028,-0.626,0.3392857142857143,0.818690909090909,-0.11620217288615964,profile_snapshot
1413.0,39.3986,-1.161,0.7678571428571429,0.7163381818181819,-0.3689182805857346,profile_snapshot
1391.0,41.9862,0.687,0.7023809523809523,0.7633854545454545,0.5040151157298065,profile_snapshot
1323.0,42.3725,1.011,0.5,0.7704090909090909,0.6570618800188948,profile_snapshot
1411.0,42.4932,1.212,0.7619047619047619,0.7726036363636364,0.752007557864903,profile_snapshot
1345.0,41.262,-0.079,0.5654761904761905,0.7502181818181818,0.1421823334907888,profile_snapshot
1397.0,43.8209,-0.689,0.7202380952380952,0.7967436363636364,-0.14596126594237135,profile_snapshot
1227.0,40.2093,-0.986,0.21428571428571427,0.7310781818181818,-0.2862541332073689,profile_snapshot
1393.0,43.5554,-0.703,0.7083333333333334,0.7919163636363636,-0.15257439773264048,profile_snapshot
1453.0,42.1311,0.887,0.8869047619047619,0.76602,0.5984884270193669,profile_snapshot
1477.0,39.0171,-1.194,0.9583333333333334,0.7094018181818181,-0.3845063769485121,profile_snapshot
1473.0,45.8247,-0.584,0.9464285714285714,0.8331763636363636,-0.09636277751535205,profile_snapshot
1337.0,41.7448,0.397,0.5416666666666666,0.7589963636363636,0.3670288143599434,profile_snapshot
1233.0,42.3725,0.926,0.23214285714285715,0.7704090909090909,0.6169107227208315,profile_snapshot
1155.0,44.6418,-0.646,0.0,0.811669090909091,-0.12564950401511576,profile_snapshot
1161.0,44.7866,-0.639,0.017857142857142856,0.8143018181818181,-0.1223429381199812,profile_snapshot
1361.0,41.8655,0.539,0.6130952380952381,0.761190909090909,0.4341048653755315,profile_snapshot
1489.0,43.3864,-0.712,0.9940476190476191,0.7888436363636364,-0.15682569674067082,profile_snapshot
1443.0,38.3495,-1.215,0.8571428571428571,0.6972636363636363,-0.394426074633916,profile_snapshot
1377.0,43.2174,-0.721,0.6607142857142857,0.7857709090909091,-0.16107699574870105,profile_snapshot
1379.0,45.7523,-0.588,0.6666666666666666,0.8318599999999999,-0.09825224374114316,profile_snapshot
1401.0,39.1602,-1.182,0.7321428571428571,0.7120036363636364,-0.3788379782711384,profile_snapshot
1397.0,43.6761,-0.697,0.7202380952380952,0.7941109090909091,-0.1497401983939538,profile_snapshot
1417.0,40.2093,-0.919,0.7797619047619048,0.7310781818181818,-0.2546055739253662,profile_snapshot
1287.0,43.7244,-0.695,0.39285714285714285,0.794989090909091,-0.14879546528105803,profile_snapshot
1379.0,41.8896,0.58,0.6666666666666666,0.7616290909090909,0.4534718941898914,profile_snapshot
1331.0,38.7787,-1.195,0.5238095238095238,0.7050672727272728,-0.38497874350496,profile_snapshot
1383.0,43.1208,0.492,0.6785714285714286,0.7840145454545455,0.4119036372224847,profile_snapshot
1475.0,42.9519,1.727,0.9523809523809523,0.7809436363636364,0.995276334435522,profile_snapshot
1275.0,41.6724,0.266,0.35714285714285715,0.75768,0.30514879546528095,profile_snapshot
1263.0,43.4347,-0.71,0.32142857142857145,0.7897218181818182,-0.15588096362777515,profile_snapshot
1455.0,44.2555,-0.667,0.8928571428571429,0.8046454545454546,-0.13556920170051967,profile_snapshot
1351.0,39.7324,-1.107,0.5833333333333334,0.7224072727272727,-0.34341048653755324,profile_snapshot
1353.0,38.111,-1.214,0.5892857142857143,0.6929272727272727,-0.3939537080774681,profile_snapshot
1477.0,41.0688,-0.154,0.9583333333333334,0.7467054545454546,0.10675484175720351,profile_snapshot
1407.0,42.1552,0.87,0.75,0.7664581818181818,0.5904581955597543,profile_snapshot
1347.0,44.3038,-0.664,0.5714285714285714,0.8055236363636364,-0.13415210203117633,profile_snapshot
1239.0,39.9231,-1.073,0.25,0.7258745454545454,-0.3273500236183279,profile_snapshot
1477.0,44.1589,-0.672,0.9583333333333334,0.802889090909091,-0.13793103448275879,profile_snapshot
1215.0,42.6622,1.198,0.17857142857142858,0.7756763636363636,0.7453944260746339,profile_snapshot
1365.0,44.4245,-0.658,0.625,0.8077181818181819,-0.13131790269248933,profile_snapshot
1333.0,44.7866,-0.639,0.5297619047619048,0.8143018181818181,-0.1223429381199812,profile_snapshot
1341.0,39.5417,-1.141,0.5535714285714286,0.71894,-0.3594709494567785,profile_snapshot
1221.0,41.3344,-0.124,0.19642857142857142,0.7515345454545455,0.12092583845063754,profile_snapshot
1191.0,44.0382,-0.678,0.10714285714285714,0.8006945454545455,-0.14076523382144546,profile_snapshot
1375.0,39.4463,-1.154,0.6547619047619048,0.7172054545454546,-0.36561171469059994,profile_snapshot
1209.0,41.9379,0.468,0.16071428571428573,0.7625072727272727,0.40056683986773733,profile_snapshot
1357.0,39.3509,-1.164,0.6011904761904762,0.7154709090909092,-0.37033538025507795,profile_snapshot
1381.0,41.6482,0.34,0.6726190476190477,0.75724,0.34010392064241834,profile_snapshot
1401.0,41.8172,0.527,0.7321428571428571,0.7603127272727273,0.4284364666981577,profile_snapshot
1471.0,42.1311,0.903,0.9404761904761905,0.76602,0.6060462919225318,profile_snapshot
1401.0,44.9073,-0.632,0.7321428571428571,0.8164963636363636,-0.11903637222484653,profile_snapshot
1383.0,39.5417,-1.141,0.6785714285714286,0.71894,-0.3594709494567785,profile_snapshot
1447.0,45.6798,-0.591,0.8690476190476191,0.8305418181818182,-0.09966934341048661,profile_snapshot
1327.0,42.1552,0.798,0.5119047619047619,0.7664581818181818,0.5564478034955125,profile_snapshot
1353.0,45.7523,-0.588,0.5892857142857143,0.8318599999999999,-0.09825224374114316,profile_snapshot
1379.0,39.8755,-1.067,0.6666666666666666,0.7250090909090909,-0.324515824279641,profile_snapshot
1413.0,39.1125,-1.186,0.7678571428571429,0.7111363636363636,-0.38072744449692963,profile_snapshot
1323.0,42.9277,1.567,0.5,0.7805036363636364,0.9196976854038734,profile_snapshot
1427.0,43.145,-0.238,0.8095238095238095,0.7844545454545455,0.06707605101558811,profile_snapshot
1469.0,40.257,-0.866,0.9345238095238095,0.7319454545454545,-0.2295701464336326,profile_snapshot
1423.0,45.5108,-0.6,0.7976190476190477,0.8274690909090909,-0.10392064241851684,profile_snapshot
1257.0,40.8769,-0.531,0.30357142857142855,0.7432163636363637,-0.07132735002361845,profile_snapshot
1325.0,51.9658,-0.26,0.5059523809523809,0.9448327272727273,0.05668398677373654,profile_snapshot
1221.0,49.3651,-0.397,0.19642857142857142,0.8975472727272727,-0.008030231459612791,profile_snapshot
1327.0,48.9316,-0.42,0.5119047619047619,0.8896654545454546,-0.018894662257912143,profile_snapshot
1389.0,51.725,-0.273,0.6964285714285714,0.9404545454545454,0.05054322153991486,profile_snapshot
1407.0,51.9658,-0.26,0.75,0.9448327272727273,0.05668398677373654,profile_snapshot
1409.0,52.8809,-0.212,0.7559523809523809,0.961470909090909,0.0793575814832308,profile_snapshot
1427.0,54.0368,-0.151,0.8095238095238095,0.9824872727272728,0.10817194142654696,profile_snapshot
1461.0,46.0178,-0.574,0.9107142857142857,0.8366872727272727,-0.09163911195087382,profile_snapshot
1363.0,54.0368,-0.151,0.6190476190476191,0.9824872727272728,0.10817194142654696,profile_snapshot
1173.0,49.7986,-0.374,0.05357142857142857,0.905429090909091,0.0028341993386866715,profile_snapshot
1413.0,49.7022,-0.379,0.7678571428571429,0.9036763636363636,0.00047236655644766756,profile_snapshot
1361.0,50.6655,-0.329,0.6130952380952381,0.9211909090909092,0.02409069437883793,profile_snapshot
1397.0,47.4868,-0.496,0.7202380952380952,0.8633963636363636,-0.0547945205479452,profile_snapshot
1281.0,48.4982,-0.443,0.375,0.8817854545454545,-0.029759093056211716,profile_snapshot
1445.0,48.0166,-0.468,0.8630952380952381,0.8730290909090909,-0.041568256967406736,profile_snapshot
1489.0,51.5805,-0.28,0.9940476190476191,0.9378272727272727,0.04723665564478008,profile_snapshot
1389.0,52.8809,-0.212,0.6964285714285714,0.961470909090909,0.0793575814832308,profile_snapshot
1331.0,46.7162,-0.537,0.5238095238095238,0.8493854545454546,-0.07416154936230512,profile_snapshot
1167.0,47.6313,-0.489,0.03571428571428571,0.8660236363636364,-0.05148795465281053,profile_snapshot
1377.0,46.8125,-0.532,0.6607142857142857,0.8511363636363637,-0.07179971658006623,profile_snapshot
1299.0,48.7872,-0.428,0.42857142857142855,0.8870399999999999,-0.022673594709494593,profile_snapshot
1473.0,54.0849,-0.148,0.9464285714285714,0.9833618181818181,0.1095890410958904,profile_snapshot
1227.0,47.5831,-0.491,0.21428571428571427,0.8651472727272728,-0.05243268776570631,profile_snapshot
1371.0,53.8441,-0.161,0.6428571428571429,0.9789836363636363,0.10344827586206895,profile_snapshot
1311.0,51.9177,-0.263,0.4642857142857143,0.9439581818181819,0.05526688710439309,profile_snapshot
1347.0,47.5831,-0.491,0.5714285714285714,0.8651472727272728,-0.05243268776570631,profile_snapshot
1475.0,54.0849,-0.148,0.9523809523809523,0.9833618181818181,0.1095890410958904,profile_snapshot
1353.0,51.6287,-0.278,0.5892857142857143,0.9387036363636364,0.04818138875767586,profile_snapshot
1191.0,53.9886,-0.153,0.10714285714285714,0.9816109090909091,0.1072272083136514,profile_snapshot
1453.0,47.6795,-0.486,0.8869047619047619,0.8669,-0.050070854983467084,profile_snapshot
1197.0,46.0901,-0.57,0.125,0.8380018181818182,-0.0897496457250826,profile_snapshot
1401.0,47.7758,-0.481,0.7321428571428571,0.868650909090909,-0.04770902220122819,profile_snapshot
1385.0,51.1952,-0.301,0.6845238095238095,0.9308218181818182,0.037316957959376396,profile_snapshot
1483.0,52.1103,-0.252,0.9761904761904762,0.9474600000000001,0.06046291922531899,profile_snapshot
1327.0,51.2434,-0.298,0.5119047619047619,0.9316981818181819,0.03873405762871984,profile_snapshot
1375.0,49.3651,-0.397,0.6547619047619048,0.8975472727272727,-0.008030231459612791,profile_snapshot
1363.0,48.2092,-0.458,0.6190476190476191,0.8765309090909091,-0.03684459140292884,profile_snapshot
1489.0,50.4728,-0.339,0.9940476190476191,0.9176872727272727,0.01936702881435992,profile_snapshot
1383.0,50.6655,-0.329,0.6785714285714286,0.9211909090909092,0.02409069437883793,profile_snapshot
1413.0,52.5438,-0.23,0.7678571428571429,0.9553418181818182,0.07085498346717056,profile_snapshot
1203.0,47.8239,-0.478,0.14285714285714285,0.8695254545454546,-0.04629192253188463,profile_snapshot
1341.0,47.7758,-0.481,0.5535714285714286,0.868650909090909,-0.04770902220122819,profile_snapshot
1329.0,48.3537,-0.45,0.5178571428571429,0.8791581818181818,-0.03306565895134639,profile_snapshot
1347.0,46.7162,-0.537,0.5714285714285714,0.8493854545454546,-0.07416154936230512,profile_snapshot
1443.0,54.0849,-0.148,0.8571428571428571,0.9833618181818181,0.1095890410958904,profile_snapshot
1467.0,46.4754,-0.549,0.9285714285714286,0.8450072727272727,-0.0798299480396788,profile_snapshot
1323.0,54.9037,-0.105,0.5,0.998249090909091,0.12990080302314588,profile_snapshot
1197.0,53.9886,-0.153,0.125,0.9816109090909091,0.1072272083136514,profile_snapshot
1155.0,52.3993,-0.237,0.0,0.9527145454545454,0.06754841757203578,profile_snapshot
1197.0,47.3905,-0.501,0.125,0.8616454545454546,-0.057156353330184206,profile_snapshot
1465.0,47.1497,-0.514,0.9226190476190477,0.8572672727272728,-0.06329711856400577,profile_snapshot
1471.0,53.5552,-0.176,0.9404761904761905,0.9737309090909091,0.09636277751535172,profile_snapshot
1337.0,46.1865,-0.565,0.5416666666666666,0.8397545454545455,-0.0873878129428437,profile_snapshot
1371.0,51.8213,-0.268,0.6428571428571429,0.9422054545454546,0.05290505432215409,profile_snapshot
1451.0,49.3169,-0.4,0.8809523809523809,0.8966709090909091,-0.009447331128956127,profile_snapshot
1461.0,46.042,-0.572,0.9107142857142857,0.8371272727272727,-0.09069437883797837,profile_snapshot
1441.0,53.2662,-0.191,0.8511904761904762,0.9684763636363636,0.08927727916863493,profile_snapshot
1405.0,47.1497,-0.514,0.7440476190476191,0.8572672727272728,-0.06329711856400577,profile_snapshot
1429.0,50.9544,-0.313,0.8154761904761905,0.9264436363636364,0.03164855928200261,profile_snapshot
1459.0,46.2828,-0.56,0.9047619047619048,0.8415054545454546,-0.0850259801606047,profile_snapshot
1447.0,48.2092,-0.458,0.8690476190476191,0.8765309090909091,-0.03684459140292884,profile_snapshot
1233.0,54.9518,-0.103,0.23214285714285715,0.9991236363636363,0.13084553613604144,profile_snapshot
1251.0,48.0647,-0.466,0.2857142857142857,0.8739036363636364,-0.04062352385451129,profile_snapshot
1375.0,51.1952,-0.301,0.6547619047619048,0.9308218181818182,0.037316957959376396,profile_snapshot
1479.0,47.3423,-0.504,0.9642857142857143,0.8607690909090909,-0.05857345299952765,profile_snapshot
1251.0,48.5464,-0.44,0.2857142857142857,0.8826618181818181,-0.02834199338686827,profile_snapshot
1431.0,50.3765,-0.344,0.8214285714285714,0.9159363636363637,0.017005196032120917,profile_snapshot
1391.0,47.6313,-0.489,0.7023809523809523,0.8660236363636364,-0.05148795465281053,profile_snapshot
1381.0,47.4386,-0.499,0.6726190476190477,0.8625200000000001,-0.05621162021728876,profile_snapshot
1343.0,51.5805,-0.28,0.5595238095238095,0.9378272727272727,0.04723665564478008,profile_snapshot
1465.0,49.2206,-0.405,0.9226190476190477,0.8949199999999999,-0.011809163911195242,profile_snapshot
1343.0,49.3169,-0.4,0.5595238095238095,0.8966709090909091,-0.009447331128956127,profile_snapshot
1203.0,52.9291,-0.209,0.14285714285714285,0.9623472727272727,0.08077468115257425,profile_snapshot
1461.0,54.7592,-0.113,0.9107142857142857,0.9956218181818182,0.12612187057156343,profile_snapshot
1349.0,46.2346,-0.562,0.5773809523809523,0.8406290909090909,-0.08597071327350037,profile_snapshot
1471.0,51.5324,-0.283,0.9404761904761905,0.9369527272727273,0.045819555975436854,profile_snapshot
1269.0,54.0849,-0.148,0.3392857142857143,0.9833618181818181,0.1095890410958904,profile_snapshot
1469.0,54.8555,-0.108,0.9345238095238095,0.9973727272727273,0.12848370335380244,profile_snapshot
1215.0,50.7136,-0.326,0.17857142857142858,0.9220654545454545,0.025507794048181376,profile_snapshot
1473.0,48.6427,-0.435,0.9464285714285714,0.8844127272727272,-0.025980160604629265,profile_snapshot
1335.0,52.3993,-0.237,0.5357142857142857,0.9527145454545454,0.06754841757203578,profile_snapshot
1407.0,47.0052,-0.522,0.75,0.8546400000000001,-0.06707605101558811,profile_snapshot
1421.0,48.0647,-0.466,0.7916666666666666,0.8739036363636364,-0.04062352385451129,profile_snapshot
1357.0,54.3257,-0.136,0.6011904761904762,0.98774,0.11525743977326397,profile_snapshot
1377.0,53.8441,-0.161,0.6607142857142857,0.9789836363636363,0.10344827586206895,profile_snapshot
1441.0,54.5666,-0.123,0.8511904761904762,0.99212,0.12139820500708542,profile_snapshot
1349.0,46.6681,-0.539,0.5773809523809523,0.8485109090909091,-0.0751062824752009,profile_snapshot
1393.0,47.1015,-0.516,0.7083333333333334,0.8563909090909091,-0.06424185167690133,profile_snapshot
1427.0,51.1471,-0.303,0.8095238095238095,0.9299472727272727,0.03637222484648084,profile_snapshot
1427.0,54.4221,-0.13,0.8095238095238095,0.9894927272727273,0.11809163911195086,profile_snapshot
1351.0,48.5945,-0.438,0.5833333333333334,0.8835363636363636,-0.027397260273972712,profile_snapshot
1367.0,54.6147,-0.12,0.6309523809523809,0.9929945454545455,0.12281530467642887,profile_snapshot
1381.0,54.4702,-0.128,0.6726190476190477,0.9903672727272727,0.11903637222484642,profile_snapshot
1381.0,52.014,-0.257,0.6726190476190477,0.9457090909090909,0.058101086443079764,profile_snapshot
1257.0,47.535,-0.494,0.30357142857142855,0.8642727272727272,-0.053849787435049534,profile_snapshot
1387.0,49.5096,-0.389,0.6904761904761905,0.9001745454545454,-0.00425129900803034,profile_snapshot
1445.0,50.6173,-0.331,0.8630952380952381,0.9203145454545455,0.023145961265942372,profile_snapshot
1325.0,52.2548,-0.245,0.5059523809523809,0.9500872727272728,0.06376948512045333,profile_snapshot
1465.0,49.7986,-0.374,0.9226190476190477,0.905429090909091,0.0028341993386866715,profile_snapshot
1483.0,46.1865,-0.565,0.9761904761904762,0.8397545454545455,-0.0873878129428437,profile_snapshot
1333.0,50.6173,-0.331,0.5297619047619048,0.9203145454545455,0.023145961265942372,profile_snapshot
1381.0,53.218,-0.194,0.6726190476190477,0.9676,0.08786017949929148,profile_snapshot
1465.0,54.1331,-0.146,0.9226190476190477,0.9842381818181818,0.11053377420878596,profile_snapshot
1311.0,52.8809,-0.212,0.4642857142857143,0.961470909090909,0.0793575814832308,profile_snapshot
1383.0,52.9772,-0.207,0.6785714285714286,0.9632218181818183,0.08171941426547003,profile_snapshot
1413.0,52.7846,-0.217,0.7678571428571429,0.9597199999999999,0.0769957487009918,profile_snapshot
1391.0,50.4728,-0.339,0.7023809523809523,0.9176872727272727,0.01936702881435992,profile_snapshot
1425.0,54.3739,-0.133,0.8035714285714286,0.9886163636363636,0.11667453944260742,profile_snapshot
1407.0,49.5578,-0.387,0.75,0.9010509090909091,-0.003306565895134672,profile_snapshot
1275.0,53.0254,-0.204,0.35714285714285715,0.9640981818181817,0.08313651393481325,profile_snapshot
1383.0,53.9886,-0.153,0.6785714285714286,0.9816109090909091,0.1072272083136514,profile_snapshot
1275.0,48.7872,-0.428,0.35714285714285715,0.8870399999999999,-0.022673594709494593,profile_snapshot
1361.0,47.7276,-0.483,0.6130952380952381,0.8677745454545455,-0.04865375531412386,profile_snapshot
1415.0,49.2688,-0.402,0.7738095238095238,0.8957963636363636,-0.010392064241851795,profile_snapshot
1409.0,50.3283,-0.346,0.7559523809523809,0.91506,0.016060462919225138,profile_snapshot
1447.0,47.1978,-0.511,0.8690476190476191,0.8581418181818182,-0.061880018894662325,profile_snapshot
1263.0,49.2688,-0.402,0.32142857142857145,0.8957963636363636,-0.010392064241851795,profile_snapshot
1331.0,49.4614,-0.392,0.5238095238095238,0.8992981818181818,-0.005668398677373676,profile_snapshot
1361.0,51.9658,-0.26,0.6130952380952381,0.9448327272727273,0.05668398677373654,profile_snapshot
1377.0,47.2942,-0.506,0.6607142857142857,0.8598945454545454,-0.05951818611242332,profile_snapshot
1427.0,54.5184,-0.125,0.8095238095238095,0.9912436363636363,0.12045347189418987,profile_snapshot
1417.0,50.1357,-0.356,0.7797619047619048,0.9115581818181818,0.011336797354747352,profile_snapshot
1415.0,54.9518,-0.103,0.7738095238095238,0.9991236363636363,0.13084553613604144,profile_snapshot
1353.0,53.796,-0.163,0.5892857142857143,0.9781090909090909,0.10250354274917339,profile_snapshot
1413.0,48.9316,-0.42,0.7678571428571429,0.8896654545454546,-0.018894662257912143,profile_snapshot
1489.0,53.2662,-0.191,0.9940476190476191,0.9684763636363636,0.08927727916863493,profile_snapshot
1311.0,53.5552,-0.176,0.4642857142857143,0.9737309090909091,0.09636277751535172,profile_snapshot
1191.0,48.8835,-0.423,0.10714285714285714,0.8887909090909091,-0.02031176192725559,profile_snapshot
1395.0,51.1952,-0.301,0.7142857142857143,0.9308218181818182,0.037316957959376396,profile_snapshot
1339.0,48.2092,-0.458,0.5476190476190477,0.8765309090909091,-0.03684459140292884,profile_snapshot
1411.0,49.0761,-0.412,0.7619047619047619,0.8922927272727272,-0.015115729806329692,profile_snapshot
1481.0,49.8467,-0.372,0.9702380952380952,0.9063036363636363,0.0037789324515824507,profile_snapshot
1451.0,53.4107,-0.184,0.8809523809523809,0.9711036363636364,0.09258384506376927,profile_snapshot
1425.0,49.8949,-0.369,0.8035714285714286,0.90718,0.0051960321209258975,profile_snapshot
1343.0,47.4386,-0.499,0.5595238095238095,0.8625200000000001,-0.05621162021728876,profile_snapshot
1335.0,54.4702,-0.128,0.5357142857142857,0.9903672727272727,0.11903637222484642,profile_snapshot
1451.0,46.5236,-0.547,0.8809523809523809,0.8458836363636364,-0.07888521492678335,profile_snapshot
1467.0,50.521,-0.336,0.9285714285714286,0.9185636363636364,0.020784128483703368,profile_snapshot
1323.0,46.0178,-0.574,0.5,0.8366872727272727,-0.09163911195087382,profile_snapshot
1357.0,47.246,-0.509,0.6011904761904762,0.8590181818181819,-0.06093528578176666,profile_snapshot
1405.0,54.0849,-0.148,0.7440476190476191,0.9833618181818181,0.1095890410958904,profile_snapshot
1357.0,50.4728,-0.339,0.6011904761904762,0.9176872727272727,0.01936702881435992,profile_snapshot
1333.0,54.3739,-0.133,0.5297619047619048,0.9886163636363636,0.11667453944260742,profile_snapshot
1263.0,50.6655,-0.329,0.32142857142857145,0.9211909090909092,0.02409069437883793,profile_snapshot
1185.0,47.1978,-0.511,0.08928571428571429,0.8581418181818182,-0.061880018894662325,profile_snapshot
1443.0,52.2548,-0.245,0.8571428571428571,0.9500872727272728,0.06376948512045333,profile_snapshot
1335.0,54.1331,-0.146,0.5357142857142857,0.9842381818181818,0.11053377420878596,profile_snapshot
1363.0,54.3739,-0.133,0.6190476190476191,0.9886163636363636,0.11667453944260742,profile_snapshot
1389.0,54.5184,-0.125,0.6964285714285714,0.9912436363636363,0.12045347189418987,profile_snapshot
1209.0,47.7276,-0.483,0.16071428571428573,0.8677745454545455,-0.04865375531412386,profile_snapshot
