z_m,h_m,t_hr
-0.0,-0.972,1155.0
0.0242,-0.95,1155.0
0.0483,-0.93,1155.0
0.0725,-0.912,1155.0
0.0966,-0.894,1155.0
0.1208,-0.878,1155.0
0.1449,-0.862,1155.0
0.1691,-0.848,1155.0
0.1932,-0.834,1155.0
0.2174,-0.82,1155.0
0.2415,-0.808,1155.0
0.2657,-0.795,1155.0
0.2898,-0.784,1155.0
0.314,-0.773,1155.0
0.3382,-0.762,1155.0
0.3623,-0.752,1155.0
0.3865,-0.742,1155.0
0.4106,-0.732,1155.0
0.4348,-0.723,1155.0
0.4589,-0.713,1155.0
0.4831,-0.705,1155.0
0.5072,-0.696,1155.0
0.5314,-0.687,1155.0
0.5555,-0.679,1155.0
0.5797,-0.671,1155.0
0.6038,-0.664,1155.0
0.628,-0.656,1155.0
0.6522,-0.649,1155.0
0.6763,-0.642,1155.0
0.7005,-0.635,1155.0
0.7246,-0.628,1155.0
0.7488,-0.622,1155.0
0.7729,-0.616,1155.0
0.7971,-0.61,1155.0
0.8212,-0.604,1155.0
0.8454,-0.598,1155.0
0.8695,-0.593,1155.0
0.8937,-0.588,1155.0
0.9178,-0.582,1155.0
0.942,-0.577,1155.0
0.9662,-0.572,1155.0
0.9903,-0.567,1155.0
1.0145,-0.562,1155.0
1.0386,-0.557,1155.0
1.0628,-0.552,1155.0
1.0869,-0.547,1155.0
1.1111,-0.543,1155.0
1.1352,-0.538,1155.0
1.1594,-0.534,1155.0
1.1835,-0.53,1155.0
1.2077,-0.525,1155.0
1.2319,-0.521,1155.0
1.256,-0.517,1155.0
1.2802,-0.513,1155.0
1.3043,-0.51,1155.0
1.3285,-0.506,1155.0
1.3526,-0.502,1155.0
1.3768,-0.499,1155.0
1.4009,-0.495,1155.0
1.4251,-0.492,1155.0
1.4492,-0.489,1155.0
1.4734,-0.486,1155.0
1.4975,-0.483,1155.0
1.5217,-0.48,1155.0
1.5459,-0.477,1155.0
1.57,-0.474,1155.0
1.5941,-0.471,1155.0
1.6183,-0.469,1155.0
1.6425,-0.466,1155.0
1.6666,-0.463,1155.0
1.6908,-0.461,1155.0
1.7149,-0.458,1155.0
1.7391,-0.455,1155.0
1.7632,-0.453,1155.0
1.7874,-0.45,1155.0
1.8115,-0.447,1155.0
1.8357,-0.445,1155.0
1.8599,-0.442,1155.0
1.884,-0.44,1155.0
1.9081,-0.437,1155.0
1.9323,-0.435,1155.0
1.9565,-0.432,1155.0
1.9806,-0.43,1155.0
2.0048,-0.427,1155.0
2.0289,-0.425,1155.0
2.0531,-0.423,1155.0
2.0772,-0.42,1155.0
2.1014,-0.418,1155.0
2.1255,-0.416,1155.0
2.1497,-0.414,1155.0
2.1739,-0.412,1155.0
2.198,-0.41,1155.0
2.2222,-0.407,1155.0
2.2463,-0.405,1155.0
2.2705,-0.403,1155.0
2.2946,-0.402,1155.0
2.3188,-0.4,1155.0
2.3429,-0.398,1155.0
2.3671,-0.396,1155.0
2.3912,-0.394,1155.0
2.4154,-0.393,1155.0
2.4395,-0.391,1155.0
2.4637,-0.389,1155.0
2.4878,-0.388,1155.0
2.512,-0.386,1155.0
2.5361,-0.384,1155.0
2.5603,-0.383,1155.0
2.5845,-0.382,1155.0
2.6086,-0.38,1155.0
2.6328,-0.379,1155.0
2.6569,-0.377,1155.0
2.6811,-0.376,1155.0
2.7052,-0.375,1155.0
2.7294,-0.373,1155.0
2.7535,-0.372,1155.0
2.7777,-0.371,1155.0
2.8019,-0.369,1155.0
2.826,-0.368,1155.0
2.8502,-0.367,1155.0
2.8743,-0.365,1155.0
2.8985,-0.364,1155.0
2.9226,-0.363,1155.0
2.9468,-0.361,1155.0
2.9709,-0.36,1155.0
2.9951,-0.358,1155.0
3.0192,-0.357,1155.0
3.0434,-0.356,1155.0
3.0917,-0.353,1155.0
3.14,-0.35,1155.0
3.1883,-0.348,1155.0
3.2366,-0.345,1155.0
3.2849,-0.342,1155.0
3.3332,-0.34,1155.0
3.3816,-0.337,1155.0
3.4299,-0.334,1155.0
3.4782,-0.332,1155.0
3.5265,-0.33,1155.0
3.5748,-0.327,1155.0
3.6231,-0.325,1155.0
3.6714,-0.323,1155.0
3.7197,-0.32,1155.0
3.768,-0.318,1155.0
3.8163,-0.316,1155.0
3.8646,-0.314,1155.0
3.913,-0.312,1155.0
3.9613,-0.31,1155.0
4.0096,-0.309,1155.0
4.0579,-0.307,1155.0
4.1062,-0.305,1155.0
4.1545,-0.304,1155.0
4.2028,-0.302,1155.0
4.2511,-0.301,1155.0
4.2994,-0.299,1155.0
4.3477,-0.298,1155.0
4.396,-0.297,1155.0
4.4443,-0.295,1155.0
4.4927,-0.294,1155.0
4.541,-0.292,1155.0
4.5893,-0.291,1155.0
4.6376,-0.289,1155.0
4.6859,-0.288,1155.0
4.7342,-0.286,1155.0
4.7825,-0.285,1155.0
4.8308,-0.283,1155.0
4.8791,-0.281,1155.0
4.9274,-0.28,1155.0
4.9757,-0.278,1155.0
5.0241,-0.277,1155.0
5.0724,-0.275,1155.0
5.1207,-0.273,1155.0
5.169,-0.272,1155.0
5.2173,-0.27,1155.0
5.2656,-0.269,1155.0
5.3139,-0.267,1155.0
5.3622,-0.265,1155.0
5.4105,-0.264,1155.0
5.4588,-0.262,1155.0
5.5071,-0.261,1155.0
5.5554,-0.259,1155.0
5.6038,-0.258,1155.0
5.6521,-0.257,1155.0
5.7004,-0.255,1155.0
5.7487,-0.254,1155.0
5.797,-0.253,1155.0
5.8453,-0.251,1155.0
5.8936,-0.25,1155.0
5.9419,-0.249,1155.0
5.9902,-0.248,1155.0
6.0385,-0.247,1155.0
6.0869,-0.245,1155.0
6.1352,-0.244,1155.0
6.1835,-0.243,1155.0
6.2318,-0.242,1155.0
6.2801,-0.242,1155.0
6.3284,-0.241,1155.0
6.3767,-0.24,1155.0
6.425,-0.239,1155.0
6.4733,-0.238,1155.0
6.5216,-0.238,1155.0
6.5699,-0.237,1155.0
6.6182,-0.236,1155.0
6.6666,-0.236,1155.0
6.7149,-0.235,1155.0
6.7632,-0.234,1155.0
6.8115,-0.234,1155.0
6.8598,-0.233,1155.0
6.9081,-0.233,1155.0
6.9564,-0.232,1155.0
7.0047,-0.232,1155.0
7.053,-0.232,1155.0
7.1013,-0.232,1155.0
7.1496,-0.232,1155.0
7.1979,-0.232,1155.0
7.2463,-0.233,1155.0
7.2946,-0.234,1155.0
7.3429,-0.235,1155.0
7.3912,-0.237,1155.0
7.4395,-0.24,1155.0
7.4878,-0.243,1155.0
7.5361,-0.247,1155.0
7.5844,-0.253,1155.0
7.6327,-0.259,1155.0
7.681,-0.267,1155.0
7.7294,-0.277,1155.0
7.7777,-0.29,1155.0
7.826,-0.307,1155.0
7.8743,-0.328,1155.0
7.9226,-0.354,1155.0
7.9709,-0.388,1155.0
8.0192,-0.432,1155.0
8.1155,-0.559,1155.0
8.2118,-0.767,1155.0
8.3081,-1.099,1155.0
8.4044,-1.521,1155.0
8.5007,-1.932,1155.0
8.597,-2.23,1155.0
8.6933,-2.397,1155.0
8.7896,-2.481,1155.0
8.8859,-2.52,1155.0
8.9822,-2.536,1155.0
9.0785,-2.54,1155.0
9.1748,-2.539,1155.0
9.2711,-2.536,1155.0
9.3674,-2.532,1155.0
9.4637,-2.527,1155.0
9.56,-2.522,1155.0
9.6563,-2.517,1155.0
9.7526,-2.512,1155.0
9.8489,-2.507,1155.0
9.9452,-2.503,1155.0
10.0415,-2.498,1155.0
10.1378,-2.493,1155.0
10.2341,-2.488,1155.0
10.3304,-2.483,1155.0
10.4267,-2.478,1155.0
10.523,-2.474,1155.0
10.6193,-2.469,1155.0
10.7156,-2.464,1155.0
10.8118,-2.46,1155.0
10.9081,-2.455,1155.0
11.0044,-2.451,1155.0
11.1007,-2.446,1155.0
11.1971,-2.442,1155.0
11.2934,-2.438,1155.0
11.3896,-2.433,1155.0
11.4859,-2.429,1155.0
11.5822,-2.425,1155.0
11.6785,-2.421,1155.0
11.7748,-2.418,1155.0
11.8711,-2.414,1155.0
11.9674,-2.41,1155.0
12.0637,-2.405,1155.0
12.16,-2.401,1155.0
12.2563,-2.397,1155.0
12.3526,-2.392,1155.0
12.4489,-2.388,1155.0
12.5452,-2.383,1155.0
12.6415,-2.379,1155.0
12.7378,-2.374,1155.0
12.8341,-2.369,1155.0
12.9304,-2.364,1155.0
13.0267,-2.359,1155.0
13.123,-2.354,1155.0
13.2193,-2.35,1155.0
13.3156,-2.345,1155.0
13.4119,-2.34,1155.0
13.5082,-2.335,1155.0
13.6045,-2.33,1155.0
13.7008,-2.325,1155.0
13.7971,-2.32,1155.0
13.8934,-2.315,1155.0
13.9897,-2.309,1155.0
14.086,-2.304,1155.0
14.1823,-2.299,1155.0
14.2786,-2.294,1155.0
14.3749,-2.289,1155.0
14.4712,-2.284,1155.0
14.5675,-2.279,1155.0
14.6638,-2.274,1155.0
14.7601,-2.269,1155.0
14.8564,-2.264,1155.0
14.9527,-2.259,1155.0
15.049,-2.254,1155.0
15.1453,-2.249,1155.0
15.2416,-2.244,1155.0
15.3379,-2.239,1155.0
15.4342,-2.234,1155.0
15.5305,-2.228,1155.0
15.6268,-2.223,1155.0
15.7231,-2.218,1155.0
15.8194,-2.213,1155.0
15.9157,-2.208,1155.0
16.012,-2.203,1155.0
16.1083,-2.198,1155.0
16.2046,-2.193,1155.0
16.3009,-2.188,1155.0
16.3972,-2.183,1155.0
16.4935,-2.178,1155.0
16.5898,-2.173,1155.0
16.6861,-2.168,1155.0
16.7824,-2.163,1155.0
16.8787,-2.157,1155.0
16.975,-2.152,1155.0
17.0713,-2.147,1155.0
17.1675,-2.142,1155.0
17.2638,-2.137,1155.0
17.3601,-2.132,1155.0
17.4564,-2.127,1155.0
17.5527,-2.122,1155.0
17.649,-2.117,1155.0
17.7453,-2.112,1155.0
17.8416,-2.107,1155.0
17.9379,-2.102,1155.0
18.0342,-2.096,1155.0
18.1305,-2.091,1155.0
18.2268,-2.086,1155.0
18.3231,-2.081,1155.0
18.4194,-2.076,1155.0
18.5157,-2.071,1155.0
18.612,-2.066,1155.0
18.7083,-2.061,1155.0
18.8046,-2.056,1155.0
18.9009,-2.051,1155.0
18.9972,-2.046,1155.0
19.0935,-2.041,1155.0
19.1898,-2.036,1155.0
19.2861,-2.031,1155.0
19.3824,-2.026,1155.0
19.4787,-2.021,1155.0
19.575,-2.016,1155.0
19.6713,-2.011,1155.0
19.7676,-2.006,1155.0
19.8639,-2.002,1155.0
19.9602,-1.997,1155.0
20.0565,-1.992,1155.0
20.1528,-1.987,1155.0
20.2491,-1.983,1155.0
20.3454,-1.978,1155.0
20.4417,-1.974,1155.0
20.538,-1.969,1155.0
20.6343,-1.965,1155.0
20.7306,-1.96,1155.0
20.8269,-1.956,1155.0
20.9232,-1.952,1155.0
21.0195,-1.948,1155.0
21.1158,-1.944,1155.0
21.2121,-1.94,1155.0
21.3084,-1.936,1155.0
21.4047,-1.932,1155.0
21.501,-1.928,1155.0
21.5973,-1.925,1155.0
21.6936,-1.921,1155.0
21.7899,-1.918,1155.0
21.8862,-1.915,1155.0
21.9825,-1.911,1155.0
22.0788,-1.908,1155.0
22.1751,-1.904,1155.0
22.2714,-1.9,1155.0
22.3677,-1.896,1155.0
22.464,-1.892,1155.0
22.5603,-1.888,1155.0
22.6565,-1.884,1155.0
22.7528,-1.879,1155.0
22.8491,-1.875,1155.0
22.9454,-1.87,1155.0
23.0417,-1.866,1155.0
23.138,-1.861,1155.0
23.2343,-1.856,1155.0
23.3306,-1.852,1155.0
23.4269,-1.847,1155.0
23.5232,-1.842,1155.0
23.6195,-1.837,1155.0
23.7158,-1.832,1155.0
23.8121,-1.827,1155.0
23.9084,-1.823,1155.0
24.0047,-1.818,1155.0
24.101,-1.813,1155.0
24.1973,-1.808,1155.0
24.2936,-1.803,1155.0
24.3899,-1.798,1155.0
24.4862,-1.793,1155.0
24.5825,-1.788,1155.0
24.6788,-1.783,1155.0
24.7751,-1.778,1155.0
24.8714,-1.773,1155.0
24.9677,-1.768,1155.0
25.064,-1.762,1155.0
25.1603,-1.757,1155.0
25.2566,-1.752,1155.0
25.3529,-1.747,1155.0
25.4492,-1.742,1155.0
25.5455,-1.737,1155.0
25.6418,-1.732,1155.0
25.7381,-1.727,1155.0
25.8344,-1.722,1155.0
25.9307,-1.717,1155.0
26.027,-1.712,1155.0
26.1233,-1.707,1155.0
26.2196,-1.702,1155.0
26.3159,-1.697,1155.0
26.4122,-1.692,1155.0
26.5085,-1.687,1155.0
26.6048,-1.682,1155.0
26.7011,-1.677,1155.0
26.7974,-1.672,1155.0
26.8937,-1.667,1155.0
26.99,-1.662,1155.0
27.0863,-1.657,1155.0
27.1826,-1.652,1155.0
27.2789,-1.647,1155.0
27.3752,-1.642,1155.0
27.4715,-1.637,1155.0
27.5678,-1.633,1155.0
27.6641,-1.628,1155.0
27.7604,-1.623,1155.0
27.8567,-1.618,1155.0
27.953,-1.614,1155.0
28.0493,-1.609,1155.0
28.1456,-1.604,1155.0
28.2419,-1.6,1155.0
28.3382,-1.595,1155.0
28.4345,-1.591,1155.0
28.5308,-1.586,1155.0
28.6271,-1.582,1155.0
28.7234,-1.578,1155.0
28.8197,-1.574,1155.0
28.916,-1.569,1155.0
29.0123,-1.565,1155.0
29.1085,-1.561,1155.0
29.2048,-1.558,1155.0
29.3011,-1.554,1155.0
29.3974,-1.55,1155.0
29.4937,-1.546,1155.0
29.59,-1.543,1155.0
29.6863,-1.539,1155.0
29.7826,-1.536,1155.0
29.8789,-1.533,1155.0
29.9752,-1.53,1155.0
30.0715,-1.527,1155.0
30.1678,-1.524,1155.0
30.2641,-1.521,1155.0
30.3604,-1.518,1155.0
30.4567,-1.515,1155.0
30.553,-1.512,1155.0
30.6493,-1.509,1155.0
30.7456,-1.506,1155.0
30.8419,-1.503,1155.0
30.9382,-1.499,1155.0
31.0345,-1.496,1155.0
31.1308,-1.492,1155.0
31.2271,-1.488,1155.0
31.3234,-1.484,1155.0
31.4197,-1.48,1155.0
31.516,-1.476,1155.0
31.6123,-1.472,1155.0
31.7086,-1.468,1155.0
31.8049,-1.463,1155.0
31.9012,-1.459,1155.0
31.9975,-1.455,1155.0
32.0938,-1.45,1155.0
32.1901,-1.446,1155.0
32.2864,-1.441,1155.0
32.3827,-1.436,1155.0
32.479,-1.432,1155.0
32.5753,-1.427,1155.0
32.6716,-1.422,1155.0
32.7679,-1.417,1155.0
32.8642,-1.413,1155.0
32.9605,-1.408,1155.0
33.0568,-1.403,1155.0
33.1531,-1.398,1155.0
33.2494,-1.393,1155.0
33.3457,-1.388,1155.0
33.442,-1.384,1155.0
33.5383,-1.379,1155.0
33.6346,-1.374,1155.0
33.7309,-1.369,1155.0
33.8272,-1.364,1155.0
33.9235,-1.359,1155.0
34.0198,-1.355,1155.0
34.1161,-1.35,1155.0
34.2124,-1.345,1155.0
34.3087,-1.34,1155.0
34.4049,-1.336,1155.0
34.5013,-1.331,1155.0
34.5975,-1.326,1155.0
34.6939,-1.322,1155.0
34.7901,-1.317,1155.0
34.8864,-1.313,1155.0
34.9827,-1.308,1155.0
35.079,-1.304,1155.0
35.1753,-1.299,1155.0
35.2716,-1.295,1155.0
35.3679,-1.291,1155.0
35.4642,-1.286,1155.0
35.5605,-1.282,1155.0
35.6568,-1.278,1155.0
35.7531,-1.274,1155.0
35.8494,-1.27,1155.0
35.9457,-1.266,1155.0
36.042,-1.262,1155.0
36.1383,-1.258,1155.0
36.2346,-1.255,1155.0
36.3309,-1.251,1155.0
36.4272,-1.248,1155.0
36.5235,-1.244,1155.0
36.6198,-1.241,1155.0
36.7161,-1.237,1155.0
36.8124,-1.234,1155.0
36.9087,-1.231,1155.0
37.005,-1.228,1155.0
37.1013,-1.225,1155.0
37.1976,-1.222,1155.0
37.2939,-1.22,1155.0
37.3902,-1.217,1155.0
37.4865,-1.214,1155.0
37.5828,-1.212,1155.0
37.6791,-1.21,1155.0
37.7754,-1.207,1155.0
37.8717,-1.205,1155.0
37.968,-1.203,1155.0
38.0157,-1.202,1155.0
38.0634,-1.201,1155.0
38.111,-1.2,1155.0
38.1587,-1.198,1155.0
38.2064,-1.197,1155.0
38.2541,-1.196,1155.0
38.3018,-1.195,1155.0
38.3495,-1.193,1155.0
38.3972,-1.192,1155.0
38.4449,-1.191,1155.0
38.4925,-1.189,1155.0
38.5402,-1.188,1155.0
38.5879,-1.186,1155.0
38.6356,-1.184,1155.0
38.6833,-1.183,1155.0
38.731,-1.181,1155.0
38.7787,-1.179,1155.0
38.8264,-1.177,1155.0
38.874,-1.175,1155.0
38.9217,-1.173,1155.0
38.9694,-1.171,1155.0
39.0171,-1.169,1155.0
39.0648,-1.167,1155.0
39.1125,-1.164,1155.0
39.1602,-1.162,1155.0
39.2079,-1.159,1155.0
39.2555,-1.156,1155.0
39.3032,-1.153,1155.0
39.3509,-1.15,1155.0
39.3986,-1.146,1155.0
39.4463,-1.142,1155.0
39.494,-1.138,1155.0
39.5417,-1.133,1155.0
39.5893,-1.129,1155.0
39.637,-1.123,1155.0
39.6847,-1.117,1155.0
39.7324,-1.111,1155.0
39.7801,-1.104,1155.0
39.8278,-1.096,1155.0
39.8755,-1.088,1155.0
39.9231,-1.078,1155.0
39.9708,-1.068,1155.0
40.0185,-1.057,1155.0
40.0662,-1.045,1155.0
40.1139,-1.032,1155.0
40.1616,-1.018,1155.0
40.2093,-1.003,1155.0
40.257,-0.987,1155.0
40.3046,-0.969,1155.0
40.3523,-0.951,1155.0
40.4,-0.93,1155.0
40.4477,-0.907,1155.0
40.4954,-0.882,1155.0
40.5431,-0.855,1155.0
40.5908,-0.827,1155.0
40.6385,-0.796,1155.0
40.6861,-0.764,1155.0
40.7338,-0.73,1155.0
40.7815,-0.694,1155.0
40.8292,-0.656,1155.0
40.8769,-0.617,1155.0
40.9246,-0.577,1155.0
40.9723,-0.535,1155.0
40.9964,-0.513,1155.0
41.0205,-0.492,1155.0
41.0447,-0.469,1155.0
41.0688,-0.447,1155.0
41.093,-0.424,1155.0
41.1171,-0.402,1155.0
41.1413,-0.379,1155.0
41.1654,-0.355,1155.0
41.1895,-0.332,1155.0
41.2137,-0.309,1155.0
41.2378,-0.285,1155.0
41.262,-0.261,1155.0
41.2861,-0.238,1155.0
41.3102,-0.214,1155.0
41.3344,-0.19,1155.0
41.3585,-0.166,1155.0
41.3827,-0.142,1155.0
41.4068,-0.118,1155.0
41.431,-0.094,1155.0
41.4551,-0.07,1155.0
41.4792,-0.046,1155.0
41.5034,-0.021,1155.0
41.5275,0.003,1155.0
41.5517,0.027,1155.0
41.5758,0.051,1155.0
41.5999,0.075,1155.0
41.6241,0.099,1155.0
41.6482,0.123,1155.0
41.6724,0.148,1155.0
41.6965,0.172,1155.0
41.7206,0.196,1155.0
41.7448,0.22,1155.0
41.7689,0.244,1155.0
41.7931,0.268,1155.0
41.8172,0.292,1155.0
41.8414,0.317,1155.0
41.8655,0.341,1155.0
41.8896,0.365,1155.0
41.9138,0.389,1155.0
41.9379,0.413,1155.0
41.9621,0.437,1155.0
41.9862,0.461,1155.0
42.0103,0.486,1155.0
42.0345,0.51,1155.0
42.0586,0.534,1155.0
42.0828,0.558,1155.0
42.1069,0.582,1155.0
42.1311,0.606,1155.0
42.1552,0.63,1155.0
42.1793,0.654,1155.0
42.2035,0.679,1155.0
42.2276,0.703,1155.0
42.2518,0.727,1155.0
42.2759,0.751,1155.0
42.3,0.775,1155.0
42.3242,0.799,1155.0
42.3483,0.823,1155.0
42.3725,0.848,1155.0
42.3966,0.872,1155.0
42.4207,0.896,1155.0
42.4449,0.92,1155.0
42.469,0.944,1155.0
42.4932,0.968,1155.0
42.5173,0.992,1155.0
42.5415,1.017,1155.0
42.5656,1.041,1155.0
42.5897,1.065,1155.0
42.6139,1.089,1155.0
42.638,1.113,1155.0
42.6622,1.137,1155.0
42.6863,1.161,1155.0
42.7104,1.186,1155.0
42.7346,1.21,1155.0
42.7587,1.234,1155.0
42.7829,1.258,1155.0
42.807,1.282,1155.0
42.8312,1.306,1155.0
42.8553,1.33,1155.0
42.8794,1.355,1155.0
42.9036,1.379,1155.0
42.9277,1.403,1155.0
42.9519,1.427,1155.0
42.976,1.451,1155.0
43.0001,1.475,1155.0
43.0243,1.499,1155.0
43.0484,1.524,1155.0
43.0726,1.09,1155.0
43.0967,0.659,1155.0
43.1208,-0.101,1155.0
43.145,-0.7,1155.0
43.1691,-0.724,1155.0
43.1933,-0.723,1155.0
43.2174,-0.721,1155.0
43.2416,-0.72,1155.0
43.2657,-0.719,1155.0
43.2898,-0.717,1155.0
43.314,-0.716,1155.0
43.3381,-0.715,1155.0
43.3623,-0.714,1155.0
43.3864,-0.712,1155.0
43.4105,-0.711,1155.0
43.4347,-0.71,1155.0
43.4588,-0.709,1155.0
43.483,-0.707,1155.0
43.5071,-0.706,1155.0
43.5313,-0.705,1155.0
43.5554,-0.703,1155.0
43.5795,-0.702,1155.0
43.6037,-0.701,1155.0
43.6278,-0.7,1155.0
43.652,-0.698,1155.0
43.6761,-0.697,1155.0
43.7002,-0.696,1155.0
43.7244,-0.695,1155.0
43.7485,-0.693,1155.0
43.7727,-0.692,1155.0
43.7968,-0.691,1155.0
43.8209,-0.689,1155.0
43.8451,-0.688,1155.0
43.8692,-0.687,1155.0
43.8934,-0.686,1155.0
43.9175,-0.684,1155.0
43.9417,-0.683,1155.0
43.9658,-0.682,1155.0
43.9899,-0.681,1155.0
44.0141,-0.679,1155.0
44.0382,-0.678,1155.0
44.0624,-0.677,1155.0
44.0865,-0.675,1155.0
44.1106,-0.674,1155.0
44.1348,-0.673,1155.0
44.1589,-0.672,1155.0
44.1831,-0.67,1155.0
44.2072,-0.669,1155.0
44.2313,-0.668,1155.0
44.2555,-0.667,1155.0
44.2796,-0.665,1155.0
44.3038,-0.664,1155.0
44.3279,-0.663,1155.0
44.3521,-0.661,1155.0
44.3762,-0.66,1155.0
44.4003,-0.659,1155.0
44.4245,-0.658,1155.0
44.4486,-0.656,1155.0
44.4728,-0.655,1155.0
44.4969,-0.654,1155.0
44.521,-0.653,1155.0
44.5452,-0.651,1155.0
44.5693,-0.65,1155.0
44.5935,-0.649,1155.0
44.6176,-0.647,1155.0
44.6418,-0.646,1155.0
44.6659,-0.645,1155.0
44.69,-0.644,1155.0
44.7142,-0.642,1155.0
44.7383,-0.641,1155.0
44.7625,-0.64,1155.0
44.7866,-0.639,1155.0
44.8107,-0.637,1155.0
44.8349,-0.636,1155.0
44.859,-0.635,1155.0
44.8832,-0.633,1155.0
44.9073,-0.632,1155.0
44.9314,-0.631,1155.0
44.9556,-0.63,1155.0
44.9797,-0.628,1155.0
45.0039,-0.627,1155.0
45.028,-0.626,1155.0
45.0522,-0.625,1155.0
45.0763,-0.623,1155.0
45.1004,-0.622,1155.0
45.1246,-0.621,1155.0
45.1487,-0.619,1155.0
45.1729,-0.618,1155.0
45.197,-0.617,1155.0
45.2211,-0.616,1155.0
45.2453,-0.614,1155.0
45.2694,-0.613,1155.0
45.2936,-0.612,1155.0
45.3177,-0.611,1155.0
45.3419,-0.609,1155.0
45.366,-0.608,1155.0
45.3901,-0.607,1155.0
45.4143,-0.605,1155.0
45.4384,-0.604,1155.0
45.4626,-0.603,1155.0
45.4867,-0.602,1155.0
45.5108,-0.6,1155.0
45.535,-0.599,1155.0
45.5591,-0.598,1155.0
45.5833,-0.597,1155.0
45.6074,-0.595,1155.0
45.6316,-0.594,1155.0
45.6557,-0.593,1155.0
45.6798,-0.591,1155.0
45.704,-0.59,1155.0
45.7281,-0.589,1155.0
45.7523,-0.588,1155.0
45.7764,-0.586,1155.0
45.8005,-0.585,1155.0
45.8247,-0.584,1155.0
45.8488,-0.583,1155.0
45.873,-0.581,1155.0
45.8971,-0.58,1155.0
45.9212,-0.579,1155.0
45.9454,-0.577,1155.0
45.9695,-0.576,1155.0
45.9937,-0.575,1155.0
46.0178,-0.574,1155.0
46.042,-0.572,1155.0
46.0901,-0.57,1155.0
46.1383,-0.567,1155.0
46.1865,-0.565,1155.0
46.2346,-0.562,1155.0
46.2828,-0.56,1155.0
46.3309,-0.557,1155.0
46.3791,-0.555,1155.0
46.4272,-0.552,1155.0
46.4754,-0.549,1155.0
46.5236,-0.547,1155.0
46.5717,-0.544,1155.0
46.6199,-0.542,1155.0
46.6681,-0.539,1155.0
46.7162,-0.537,1155.0
46.7644,-0.534,1155.0
46.8125,-0.532,1155.0
46.8607,-0.529,1155.0
46.9089,-0.527,1155.0
46.957,-0.524,1155.0
47.0052,-0.522,1155.0
47.0533,-0.519,1155.0
47.1015,-0.516,1155.0
47.1497,-0.514,1155.0
47.1978,-0.511,1155.0
47.246,-0.509,1155.0
47.2942,-0.506,1155.0
47.3423,-0.504,1155.0
47.3905,-0.501,1155.0
47.4386,-0.499,1155.0
47.4868,-0.496,1155.0
47.535,-0.494,1155.0
47.5831,-0.491,1155.0
47.6313,-0.489,1155.0
47.6795,-0.486,1155.0
47.7276,-0.483,1155.0
47.7758,-0.481,1155.0
47.8239,-0.478,1155.0
47.8721,-0.476,1155.0
47.9203,-0.473,1155.0
47.9684,-0.471,1155.0
48.0166,-0.468,1155.0
48.0647,-0.466,1155.0
48.1129,-0.463,1155.0
48.1611,-0.461,1155.0
48.2092,-0.458,1155.0
48.2574,-0.456,1155.0
48.3055,-0.453,1155.0
48.3537,-0.45,1155.0
48.4019,-0.448,1155.0
48.45,-0.445,1155.0
48.4982,-0.443,1155.0
48.5464,-0.44,1155.0
48.5945,-0.438,1155.0
48.6427,-0.435,1155.0
48.6908,-0.433,1155.0
48.739,-0.43,1155.0
48.7872,-0.428,1155.0
48.8353,-0.425,1155.0
48.8835,-0.423,1155.0
48.9316,-0.42,1155.0
48.9798,-0.417,1155.0
49.028,-0.415,1155.0
49.0761,-0.412,1155.0
49.1243,-0.41,1155.0
49.1725,-0.407,1155.0
49.2206,-0.405,1155.0
49.2688,-0.402,1155.0
49.3169,-0.4,1155.0
49.3651,-0.397,1155.0
49.4133,-0.395,1155.0
49.4614,-0.392,1155.0
49.5096,-0.389,1155.0
49.5578,-0.387,1155.0
49.6059,-0.384,1155.0
49.6541,-0.382,1155.0
49.7022,-0.379,1155.0
49.7504,-0.377,1155.0
49.7986,-0.374,1155.0
49.8467,-0.372,1155.0
49.8949,-0.369,1155.0
49.943,-0.367,1155.0
49.9912,-0.364,1155.0
50.0394,-0.362,1155.0
50.0875,-0.359,1155.0
50.1357,-0.356,1155.0
50.1838,-0.354,1155.0
50.232,-0.351,1155.0
50.2802,-0.349,1155.0
50.3283,-0.346,1155.0
50.3765,-0.344,1155.0
50.4247,-0.341,1155.0
50.4728,-0.339,1155.0
50.521,-0.336,1155.0
50.5691,-0.334,1155.0
50.6173,-0.331,1155.0
50.6655,-0.329,1155.0
50.7136,-0.326,1155.0
50.7618,-0.323,1155.0
50.81,-0.321,1155.0
50.8581,-0.318,1155.0
50.9063,-0.316,1155.0
50.9544,-0.313,1155.0
51.0026,-0.311,1155.0
51.0508,-0.308,1155.0
51.0989,-0.306,1155.0
51.1471,-0.303,1155.0
51.1952,-0.301,1155.0
51.2434,-0.298,1155.0
51.2916,-0.296,1155.0
51.3397,-0.293,1155.0
51.3879,-0.29,1155.0
51.4361,-0.288,1155.0
51.4842,-0.285,1155.0
51.5324,-0.283,1155.0
51.5805,-0.28,1155.0
51.6287,-0.278,1155.0
51.6769,-0.275,1155.0
51.725,-0.273,1155.0
51.7732,-0.27,1155.0
51.8213,-0.268,1155.0
51.8695,-0.265,1155.0
51.9177,-0.263,1155.0
51.9658,-0.26,1155.0
52.014,-0.257,1155.0
52.0621,-0.255,1155.0
52.1103,-0.252,1155.0
52.1585,-0.25,1155.0
52.2066,-0.247,1155.0
52.2548,-0.245,1155.0
52.303,-0.242,1155.0
52.3511,-0.24,1155.0
52.3993,-0.237,1155.0
52.4474,-0.235,1155.0
52.4956,-0.232,1155.0
52.5438,-0.23,1155.0
52.5919,-0.227,1155.0
52.6401,-0.224,1155.0
52.6883,-0.222,1155.0
52.7364,-0.219,1155.0
52.7846,-0.217,1155.0
52.8327,-0.214,1155.0
52.8809,-0.212,1155.0
52.9291,-0.209,1155.0
52.9772,-0.207,1155.0
53.0254,-0.204,1155.0
53.0735,-0.202,1155.0
53.1217,-0.199,1155.0
53.1699,-0.196,1155.0
53.218,-0.194,1155.0
53.2662,-0.191,1155.0
53.3144,-0.189,1155.0
53.3625,-0.186,1155.0
53.4107,-0.184,1155.0
53.4588,-0.181,1155.0
53.507,-0.179,1155.0
53.5552,-0.176,1155.0
53.6033,-0.174,1155.0
53.6515,-0.171,1155.0
53.6996,-0.169,1155.0
53.7478,-0.166,1155.0
53.796,-0.163,1155.0
53.8441,-0.161,1155.0
53.8923,-0.158,1155.0
53.9404,-0.156,1155.0
53.9886,-0.153,1155.0
54.0368,-0.151,1155.0
54.0849,-0.148,1155.0
54.1331,-0.146,1155.0
54.1813,-0.143,1155.0
54.2294,-0.141,1155.0
54.2776,-0.138,1155.0
54.3257,-0.136,1155.0
54.3739,-0.133,1155.0
54.4221,-0.13,1155.0
54.4702,-0.128,1155.0
54.5184,-0.125,1155.0
54.5666,-0.123,1155.0
54.6147,-0.12,1155.0
54.6629,-0.118,1155.0
54.711,-0.115,1155.0
54.7592,-0.113,1155.0
54.8074,-0.11,1155.0
54.8555,-0.108,1155.0
54.9037,-0.105,1155.0
54.9518,-0.103,1155.0
